run,tag,step,value,time
train_bonds_angles_90,Loss/train,90,0.015754731371998787,1754315450.1264548
train_bonds_angles_90,Loss/train,91,0.015802457928657532,1754315493.0953422
train_bonds_angles_90,Loss/train,92,0.015899095684289932,1754315535.963132
train_bonds_angles_90,Loss/train,93,0.015859562903642654,1754315578.791696
train_bonds_angles_90,Loss/train,94,0.015852803364396095,1754315621.4392107
train_bonds_angles_90,Loss/train,95,0.015781104564666748,1754315675.5650682
train_bonds_angles_90,Loss/train,96,0.01578967459499836,1754315717.7566504
train_bonds_angles_90,Loss/train,97,0.01586773805320263,1754315760.070364
train_bonds_angles_90,Loss/train,98,0.015950338914990425,1754315802.4428651
train_bonds_angles_90,Loss/train,99,0.015803581103682518,1754315844.8379102
train_bonds_angles_90,Loss/train,100,0.01586371846497059,1754315898.4207885
train_bonds_angles_90,Loss/train,101,0.015839967876672745,1754315940.577442
train_bonds_angles_90,Loss/train,102,0.015829991549253464,1754315982.9469824
train_bonds_angles_90,Loss/train,103,0.015798673033714294,1754316025.275755
train_bonds_angles_90,Loss/train,104,0.015746669843792915,1754316067.5226278
train_bonds_angles_90,Loss/train,105,0.01571202091872692,1754316121.0297463
train_bonds_angles_90,Loss/train,106,0.015732798725366592,1754316164.0294368
train_bonds_angles_90,Loss/train,107,0.015688635408878326,1754316206.5461466
train_bonds_angles_90,Loss/train,108,0.015675697475671768,1754316249.0399044
train_bonds_angles_90,Loss/train,109,0.015676753595471382,1754316291.925563
train_bonds_angles_90,Loss/train,110,0.015691326931118965,1754316495.1679962
train_bonds_angles_90,Loss/train,111,0.015732426196336746,1754316547.5439634
train_bonds_angles_90,Loss/train,112,0.01571071892976761,1754316591.1831229
train_bonds_angles_90,Loss/train,113,0.01569921150803566,1754316634.6589186
train_bonds_angles_90,Loss/train,114,0.015695765614509583,1754316704.8689299
train_bonds_angles_90,Loss/train,115,0.01568857580423355,1754317475.6754737
train_bonds_angles_90,Loss/train,116,0.015689412131905556,1754317517.5669503
train_bonds_angles_90,Loss/train,117,0.015707146376371384,1754317559.6766617
train_bonds_angles_90,Loss/train,118,0.015728171914815903,1754317602.1079793
train_bonds_angles_90,Loss/train,119,0.015743045136332512,1754317644.6937082
train_bonds_angles_90,Loss/val,90,0.01617305353283882,1754315450.126505
train_bonds_angles_90,Loss/val,91,0.01636231504380703,1754315493.0953655
train_bonds_angles_90,Loss/val,92,0.016285670921206474,1754315535.9631543
train_bonds_angles_90,Loss/val,93,0.016255080699920654,1754315578.7917185
train_bonds_angles_90,Loss/val,94,0.0161946602165699,1754315621.4392333
train_bonds_angles_90,Loss/val,95,0.016261685639619827,1754315675.5650911
train_bonds_angles_90,Loss/val,96,0.01619292050600052,1754315717.7566721
train_bonds_angles_90,Loss/val,97,0.016627343371510506,1754315760.0704002
train_bonds_angles_90,Loss/val,98,0.01618003100156784,1754315802.4428873
train_bonds_angles_90,Loss/val,99,0.01617719978094101,1754315844.837933
train_bonds_angles_90,Loss/val,100,0.016310838982462883,1754315898.420811
train_bonds_angles_90,Loss/val,101,0.016161395236849785,1754315940.5774646
train_bonds_angles_90,Loss/val,102,0.01624731533229351,1754315982.94702
train_bonds_angles_90,Loss/val,103,0.01625961624085903,1754316025.2757773
train_bonds_angles_90,Loss/val,104,0.016119379550218582,1754316067.522655
train_bonds_angles_90,Loss/val,105,0.016129428520798683,1754316121.0297692
train_bonds_angles_90,Loss/val,106,0.016110355034470558,1754316164.0294619
train_bonds_angles_90,Loss/val,107,0.016081055626273155,1754316206.5461695
train_bonds_angles_90,Loss/val,108,0.01609964109957218,1754316249.0399258
train_bonds_angles_90,Loss/val,109,0.01606215536594391,1754316291.925588
train_bonds_angles_90,Loss/val,110,0.016116371378302574,1754316495.168025
train_bonds_angles_90,Loss/val,111,0.01617182418704033,1754316547.5439909
train_bonds_angles_90,Loss/val,112,0.016164980828762054,1754316591.1831498
train_bonds_angles_90,Loss/val,113,0.016113730147480965,1754316634.6589465
train_bonds_angles_90,Loss/val,114,0.01615278050303459,1754316704.8689532
train_bonds_angles_90,Loss/val,115,0.016116751357913017,1754317475.6754956
train_bonds_angles_90,Loss/val,116,0.016080409288406372,1754317517.566975
train_bonds_angles_90,Loss/val,117,0.016106603667140007,1754317559.6766844
train_bonds_angles_90,Loss/val,118,0.016200430691242218,1754317602.1080048
train_bonds_angles_90,Loss/val,119,0.016116265207529068,1754317644.69373
train_bonds_angles_90,Loss/KL_train,90,1.9820170564344153e-05,1754315450.1265163
train_bonds_angles_90,Loss/KL_train,91,3.446096889092587e-05,1754315493.0953732
train_bonds_angles_90,Loss/KL_train,92,7.470250420738012e-05,1754315535.9631617
train_bonds_angles_90,Loss/KL_train,93,9.797920029086526e-06,1754315578.7917254
train_bonds_angles_90,Loss/KL_train,94,7.564913175883703e-06,1754315621.4392405
train_bonds_angles_90,Loss/KL_train,95,9.275295269617345e-06,1754315675.5650988
train_bonds_angles_90,Loss/KL_train,96,8.36171875562286e-06,1754315717.7566795
train_bonds_angles_90,Loss/KL_train,97,0.00018996813741978258,1754315760.0704072
train_bonds_angles_90,Loss/KL_train,98,6.388290057657287e-05,1754315802.4428942
train_bonds_angles_90,Loss/KL_train,99,7.835030373826157e-06,1754315844.83794
train_bonds_angles_90,Loss/KL_train,100,2.2514299416798167e-05,1754315898.4208176
train_bonds_angles_90,Loss/KL_train,101,7.666511919524055e-06,1754315940.5774713
train_bonds_angles_90,Loss/KL_train,102,7.517771337006707e-06,1754315982.9470282
train_bonds_angles_90,Loss/KL_train,103,5.187473652767949e-05,1754316025.2757845
train_bonds_angles_90,Loss/KL_train,104,0.00015675804752390832,1754316067.5226617
train_bonds_angles_90,Loss/KL_train,105,9.70553264778573e-06,1754316121.0297766
train_bonds_angles_90,Loss/KL_train,106,4.290640208637342e-05,1754316164.029468
train_bonds_angles_90,Loss/KL_train,107,6.885934999445453e-05,1754316206.546177
train_bonds_angles_90,Loss/KL_train,108,2.3043156033963896e-05,1754316249.0399325
train_bonds_angles_90,Loss/KL_train,109,3.357773312018253e-05,1754316291.9255958
train_bonds_angles_90,Loss/KL_train,110,3.777579695452005e-05,1754316495.1680348
train_bonds_angles_90,Loss/KL_train,111,1.5227632502501365e-05,1754316547.544
train_bonds_angles_90,Loss/KL_train,112,6.242773906706134e-06,1754316591.183159
train_bonds_angles_90,Loss/KL_train,113,6.913596735103056e-06,1754316634.6589572
train_bonds_angles_90,Loss/KL_train,114,4.533203991741175e-06,1754316704.8689613
train_bonds_angles_90,Loss/KL_train,115,4.69115639134543e-06,1754317475.6755018
train_bonds_angles_90,Loss/KL_train,116,5.091862021799898e-06,1754317517.5669963
train_bonds_angles_90,Loss/KL_train,117,4.238703240844188e-06,1754317559.6766913
train_bonds_angles_90,Loss/KL_train,118,4.6732752707612235e-06,1754317602.1080153
train_bonds_angles_90,Loss/KL_train,119,4.805488970305305e-06,1754317644.6937368
train_bonds_angles_90,Loss/KL_val,90,9.689480066299438e-06,1754315450.1265235
train_bonds_angles_90,Loss/KL_val,91,2.8032809495925903e-05,1754315493.0953784
train_bonds_angles_90,Loss/KL_val,92,2.535153180360794e-05,1754315535.963167
train_bonds_angles_90,Loss/KL_val,93,5.9409067034721375e-06,1754315578.7917302
train_bonds_angles_90,Loss/KL_val,94,1.2200325727462769e-05,1754315621.439245
train_bonds_angles_90,Loss/KL_val,95,5.259178578853607e-06,1754315675.5651038
train_bonds_angles_90,Loss/KL_val,96,8.955597877502441e-06,1754315717.7566843
train_bonds_angles_90,Loss/KL_val,97,0.0004254719242453575,1754315760.0704117
train_bonds_angles_90,Loss/KL_val,98,3.933906555175781e-06,1754315802.4428992
train_bonds_angles_90,Loss/KL_val,99,1.0706484317779541e-05,1754315844.8379447
train_bonds_angles_90,Loss/KL_val,100,9.292736649513245e-06,1754315898.4208229
train_bonds_angles_90,Loss/KL_val,101,7.772818207740784e-06,1754315940.577489
train_bonds_angles_90,Loss/KL_val,102,9.023584425449371e-06,1754315982.947034
train_bonds_angles_90,Loss/KL_val,103,0.0008821170777082443,1754316025.2757893
train_bonds_angles_90,Loss/KL_val,104,3.4829601645469666e-05,1754316067.5226665
train_bonds_angles_90,Loss/KL_val,105,5.506537854671478e-05,1754316121.029782
train_bonds_angles_90,Loss/KL_val,106,9.860191494226456e-05,1754316164.0294733
train_bonds_angles_90,Loss/KL_val,107,0.00011466629803180695,1754316206.546182
train_bonds_angles_90,Loss/KL_val,108,7.739849388599396e-05,1754316249.0399377
train_bonds_angles_90,Loss/KL_val,109,9.69255343079567e-05,1754316291.9256005
train_bonds_angles_90,Loss/KL_val,110,4.872679710388184e-06,1754316495.1680415
train_bonds_angles_90,Loss/KL_val,111,3.3173710107803345e-06,1754316547.5440056
train_bonds_angles_90,Loss/KL_val,112,7.3052942752838135e-06,1754316591.1831648
train_bonds_angles_90,Loss/KL_val,113,3.4989789128303528e-06,1754316634.658963
train_bonds_angles_90,Loss/KL_val,114,7.876195013523102e-06,1754316704.868966
train_bonds_angles_90,Loss/KL_val,115,9.142793715000153e-06,1754317475.675506
train_bonds_angles_90,Loss/KL_val,116,7.395632565021515e-06,1754317517.567002
train_bonds_angles_90,Loss/KL_val,117,2.6188790798187256e-06,1754317559.6766984
train_bonds_angles_90,Loss/KL_val,118,6.337650120258331e-06,1754317602.108021
train_bonds_angles_90,Loss/KL_val,119,8.922070264816284e-06,1754317644.693741
train_bonds_angles_90,Loss/Reconstruction_train,90,0.01546963956207037,1754315450.1265304
train_bonds_angles_90,Loss/Reconstruction_train,91,0.015497157350182533,1754315493.0953827
train_bonds_angles_90,Loss/Reconstruction_train,92,0.015550719574093819,1754315535.9631727
train_bonds_angles_90,Loss/Reconstruction_train,93,0.01553361676633358,1754315578.7917347
train_bonds_angles_90,Loss/Reconstruction_train,94,0.01554171647876501,1754315621.43925
train_bonds_angles_90,Loss/Reconstruction_train,95,0.015494521707296371,1754315675.5651085
train_bonds_angles_90,Loss/Reconstruction_train,96,0.015495824627578259,1754315717.7567003
train_bonds_angles_90,Loss/Reconstruction_train,97,0.01554576214402914,1754315760.0704265
train_bonds_angles_90,Loss/Reconstruction_train,98,0.015593821182847023,1754315802.4429038
train_bonds_angles_90,Loss/Reconstruction_train,99,0.015499107539653778,1754315844.8379622
train_bonds_angles_90,Loss/Reconstruction_train,100,0.015539877116680145,1754315898.4208274
train_bonds_angles_90,Loss/Reconstruction_train,101,0.0155292097479105,1754315940.5774934
train_bonds_angles_90,Loss/Reconstruction_train,102,0.015524904243648052,1754315982.9470396
train_bonds_angles_90,Loss/Reconstruction_train,103,0.015501738525927067,1754316025.2757936
train_bonds_angles_90,Loss/Reconstruction_train,104,0.015460812486708164,1754316067.5226715
train_bonds_angles_90,Loss/Reconstruction_train,105,0.015437662601470947,1754316121.0297866
train_bonds_angles_90,Loss/Reconstruction_train,106,0.015450873412191868,1754316164.0294886
train_bonds_angles_90,Loss/Reconstruction_train,107,0.015414498746395111,1754316206.5461867
train_bonds_angles_90,Loss/Reconstruction_train,108,0.015408432111144066,1754316249.0399532
train_bonds_angles_90,Loss/Reconstruction_train,109,0.01540796086192131,1754316291.9256065
train_bonds_angles_90,Loss/Reconstruction_train,110,0.015421506948769093,1754316495.168048
train_bonds_angles_90,Loss/Reconstruction_train,111,0.015443902462720871,1754316547.5440102
train_bonds_angles_90,Loss/Reconstruction_train,112,0.015425766818225384,1754316591.1831696
train_bonds_angles_90,Loss/Reconstruction_train,113,0.015422920696437359,1754316634.6589687
train_bonds_angles_90,Loss/Reconstruction_train,114,0.015416479669511318,1754316704.8689704
train_bonds_angles_90,Loss/Reconstruction_train,115,0.015409382991492748,1754317475.6755102
train_bonds_angles_90,Loss/Reconstruction_train,116,0.015408093109726906,1754317517.5670106
train_bonds_angles_90,Loss/Reconstruction_train,117,0.015421456657350063,1754317559.6767108
train_bonds_angles_90,Loss/Reconstruction_train,118,0.015443091280758381,1754317602.108026
train_bonds_angles_90,Loss/Reconstruction_train,119,0.015450957231223583,1754317644.6937454
train_bonds_angles_90,Loss/Reconstruction_val,90,0.01588733308017254,1754315450.1265357
train_bonds_angles_90,Loss/Reconstruction_val,91,0.015979137271642685,1754315493.095387
train_bonds_angles_90,Loss/Reconstruction_val,92,0.015937024727463722,1754315535.963177
train_bonds_angles_90,Loss/Reconstruction_val,93,0.01594439335167408,1754315578.791739
train_bonds_angles_90,Loss/Reconstruction_val,94,0.015907902270555496,1754315621.439254
train_bonds_angles_90,Loss/Reconstruction_val,95,0.015972668305039406,1754315675.5651128
train_bonds_angles_90,Loss/Reconstruction_val,96,0.01589205302298069,1754315717.7567046
train_bonds_angles_90,Loss/Reconstruction_val,97,0.016177203506231308,1754315760.0704308
train_bonds_angles_90,Loss/Reconstruction_val,98,0.01587393507361412,1754315802.4429078
train_bonds_angles_90,Loss/Reconstruction_val,99,0.015875207260251045,1754315844.8379664
train_bonds_angles_90,Loss/Reconstruction_val,100,0.01598523184657097,1754315898.420832
train_bonds_angles_90,Loss/Reconstruction_val,101,0.015865596011281013,1754315940.577498
train_bonds_angles_90,Loss/Reconstruction_val,102,0.015941942110657692,1754315982.9470444
train_bonds_angles_90,Loss/Reconstruction_val,103,0.01593416929244995,1754316025.2757978
train_bonds_angles_90,Loss/Reconstruction_val,104,0.015837404876947403,1754316067.5226755
train_bonds_angles_90,Loss/Reconstruction_val,105,0.015862276777625084,1754316121.0297909
train_bonds_angles_90,Loss/Reconstruction_val,106,0.01584480330348015,1754316164.0294924
train_bonds_angles_90,Loss/Reconstruction_val,107,0.01580757088959217,1754316206.5461915
train_bonds_angles_90,Loss/Reconstruction_val,108,0.015835009515285492,1754316249.0399573
train_bonds_angles_90,Loss/Reconstruction_val,109,0.01578732207417488,1754316291.9256177
train_bonds_angles_90,Loss/Reconstruction_val,110,0.015846900641918182,1754316495.1680532
train_bonds_angles_90,Loss/Reconstruction_val,111,0.015877295285463333,1754316547.544015
train_bonds_angles_90,Loss/Reconstruction_val,112,0.015886137261986732,1754316591.183175
train_bonds_angles_90,Loss/Reconstruction_val,113,0.015841998159885406,1754316634.6589737
train_bonds_angles_90,Loss/Reconstruction_val,114,0.015874607488512993,1754316704.8689747
train_bonds_angles_90,Loss/Reconstruction_val,115,0.015834752470254898,1754317475.6755145
train_bonds_angles_90,Loss/Reconstruction_val,116,0.01579773984849453,1754317517.5670147
train_bonds_angles_90,Loss/Reconstruction_val,117,0.01582673378288746,1754317559.676715
train_bonds_angles_90,Loss/Reconstruction_val,118,0.015909718349575996,1754317602.1080308
train_bonds_angles_90,Loss/Reconstruction_val,119,0.015835609287023544,1754317644.6937497
train_bonds_angles_90,Loss/Physics_train,90,28493.392578125,1754315450.1265416
train_bonds_angles_90,Loss/Physics_train,91,30502.224609375,1754315493.0954046
train_bonds_angles_90,Loss/Physics_train,92,34776.36328125,1754315535.9631815
train_bonds_angles_90,Loss/Physics_train,93,32586.46875,1754315578.7917433
train_bonds_angles_90,Loss/Physics_train,94,31102.3515625,1754315621.439258
train_bonds_angles_90,Loss/Physics_train,95,28650.28515625,1754315675.5651171
train_bonds_angles_90,Loss/Physics_train,96,29377.76953125,1754315717.7567089
train_bonds_angles_90,Loss/Physics_train,97,32032.306640625,1754315760.0704403
train_bonds_angles_90,Loss/Physics_train,98,35595.57421875,1754315802.442912
train_bonds_angles_90,Loss/Physics_train,99,30440.43359375,1754315844.8379707
train_bonds_angles_90,Loss/Physics_train,100,32363.779296875,1754315898.4208364
train_bonds_angles_90,Loss/Physics_train,101,31068.873046875,1754315940.5775023
train_bonds_angles_90,Loss/Physics_train,102,30501.837890625,1754315982.9470491
train_bonds_angles_90,Loss/Physics_train,103,29645.07421875,1754316025.2758024
train_bonds_angles_90,Loss/Physics_train,104,28438.248046875,1754316067.5226803
train_bonds_angles_90,Loss/Physics_train,105,27426.62109375,1754316121.0297954
train_bonds_angles_90,Loss/Physics_train,106,28151.3671875,1754316164.0294983
train_bonds_angles_90,Loss/Physics_train,107,27346.77734375,1754316206.546196
train_bonds_angles_90,Loss/Physics_train,108,26703.958984375,1754316249.0399616
train_bonds_angles_90,Loss/Physics_train,109,26846.056640625,1754316291.9256227
train_bonds_angles_90,Loss/Physics_train,110,26944.216796875,1754316495.1680593
train_bonds_angles_90,Loss/Physics_train,111,28837.25,1754316547.5440192
train_bonds_angles_90,Loss/Physics_train,112,28488.73046875,1754316591.1831803
train_bonds_angles_90,Loss/Physics_train,113,27622.177734375,1754316634.6589787
train_bonds_angles_90,Loss/Physics_train,114,27923.88671875,1754316704.8689795
train_bonds_angles_90,Loss/Physics_train,115,27914.470703125,1754317475.6755188
train_bonds_angles_90,Loss/Physics_train,116,28126.82421875,1754317517.567019
train_bonds_angles_90,Loss/Physics_train,117,28564.5234375,1754317559.6767194
train_bonds_angles_90,Loss/Physics_train,118,28503.349609375,1754317602.1080387
train_bonds_angles_90,Loss/Physics_train,119,29203.81640625,1754317644.6937542
train_bonds_angles_90,Loss/Physics_val,90,28564.154296875,1754315450.1265464
train_bonds_angles_90,Loss/Physics_val,91,38295.07421875,1754315493.0954092
train_bonds_angles_90,Loss/Physics_val,92,34843.88671875,1754315535.9631855
train_bonds_angles_90,Loss/Physics_val,93,31063.931640625,1754315578.791747
train_bonds_angles_90,Loss/Physics_val,94,28665.564453125,1754315621.439262
train_bonds_angles_90,Loss/Physics_val,95,28897.271484375,1754315675.565121
train_bonds_angles_90,Loss/Physics_val,96,30078.998046875,1754315717.756713
train_bonds_angles_90,Loss/Physics_val,97,44643.6875,1754315760.0704446
train_bonds_angles_90,Loss/Physics_val,98,30606.1640625,1754315802.442916
train_bonds_angles_90,Loss/Physics_val,99,30189.697265625,1754315844.8379745
train_bonds_angles_90,Loss/Physics_val,100,32552.380859375,1754315898.4208405
train_bonds_angles_90,Loss/Physics_val,101,29572.90234375,1754315940.577506
train_bonds_angles_90,Loss/Physics_val,102,30529.138671875,1754315982.9470537
train_bonds_angles_90,Loss/Physics_val,103,31724.28125,1754316025.2758064
train_bonds_angles_90,Loss/Physics_val,104,28164.779296875,1754316067.5226839
train_bonds_angles_90,Loss/Physics_val,105,26662.720703125,1754316121.0297995
train_bonds_angles_90,Loss/Physics_val,106,26460.55078125,1754316164.0295026
train_bonds_angles_90,Loss/Physics_val,107,27237.375,1754316206.5462
train_bonds_angles_90,Loss/Physics_val,108,26387.314453125,1754316249.0399656
train_bonds_angles_90,Loss/Physics_val,109,27387.3125,1754316291.925627
train_bonds_angles_90,Loss/Physics_val,110,26942.283203125,1754316495.1680648
train_bonds_angles_90,Loss/Physics_val,111,29449.6484375,1754316547.5440235
train_bonds_angles_90,Loss/Physics_val,112,27876.970703125,1754316591.1831844
train_bonds_angles_90,Loss/Physics_val,113,27169.765625,1754316634.6589837
train_bonds_angles_90,Loss/Physics_val,114,27809.3359375,1754316704.8689837
train_bonds_angles_90,Loss/Physics_val,115,28190.705078125,1754317475.6755226
train_bonds_angles_90,Loss/Physics_val,116,28259.53125,1754317517.567023
train_bonds_angles_90,Loss/Physics_val,117,27984.330078125,1754317559.6767235
train_bonds_angles_90,Loss/Physics_val,118,29064.865234375,1754317602.1080425
train_bonds_angles_90,Loss/Physics_val,119,28056.609375,1754317644.6937578
train_bonds_angles_90,Lambda,90,9.99999993922529e-09,1754315450.126552
train_bonds_angles_90,Lambda,91,9.99999993922529e-09,1754315493.0954142
train_bonds_angles_90,Lambda,92,9.99999993922529e-09,1754315535.9631903
train_bonds_angles_90,Lambda,93,9.99999993922529e-09,1754315578.7917519
train_bonds_angles_90,Lambda,94,9.99999993922529e-09,1754315621.4392664
train_bonds_angles_90,Lambda,95,9.99999993922529e-09,1754315675.5651255
train_bonds_angles_90,Lambda,96,9.99999993922529e-09,1754315717.7567182
train_bonds_angles_90,Lambda,97,9.99999993922529e-09,1754315760.0704494
train_bonds_angles_90,Lambda,98,9.99999993922529e-09,1754315802.442921
train_bonds_angles_90,Lambda,99,9.99999993922529e-09,1754315844.8379793
train_bonds_angles_90,Lambda,100,9.99999993922529e-09,1754315898.420845
train_bonds_angles_90,Lambda,101,9.99999993922529e-09,1754315940.5775106
train_bonds_angles_90,Lambda,102,9.99999993922529e-09,1754315982.947059
train_bonds_angles_90,Lambda,103,9.99999993922529e-09,1754316025.2758117
train_bonds_angles_90,Lambda,104,9.99999993922529e-09,1754316067.5226889
train_bonds_angles_90,Lambda,105,9.99999993922529e-09,1754316121.0298045
train_bonds_angles_90,Lambda,106,9.99999993922529e-09,1754316164.0295076
train_bonds_angles_90,Lambda,107,9.99999993922529e-09,1754316206.5462046
train_bonds_angles_90,Lambda,108,9.99999993922529e-09,1754316249.0399706
train_bonds_angles_90,Lambda,109,9.99999993922529e-09,1754316291.925632
train_bonds_angles_90,Lambda,110,9.99999993922529e-09,1754316495.1680715
train_bonds_angles_90,Lambda,111,9.99999993922529e-09,1754316547.5440288
train_bonds_angles_90,Lambda,112,9.99999993922529e-09,1754316591.1831892
train_bonds_angles_90,Lambda,113,9.99999993922529e-09,1754316634.6589894
train_bonds_angles_90,Lambda,114,9.99999993922529e-09,1754316704.8689888
train_bonds_angles_90,Lambda,115,9.99999993922529e-09,1754317475.6755273
train_bonds_angles_90,Lambda,116,9.99999993922529e-09,1754317517.5670278
train_bonds_angles_90,Lambda,117,9.99999993922529e-09,1754317559.676728
train_bonds_angles_90,Lambda,118,9.99999993922529e-09,1754317602.108047
train_bonds_angles_90,Lambda,119,9.99999993922529e-09,1754317644.6937623
train_bonds_angles_90,Beta,90,0.00800199992954731,1754315450.126557
train_bonds_angles_90,Beta,91,0.008101900108158588,1754315493.0954225
train_bonds_angles_90,Beta,92,0.008201800286769867,1754315535.9631944
train_bonds_angles_90,Beta,93,0.008301700465381145,1754315578.7917564
train_bonds_angles_90,Beta,94,0.00840159971266985,1754315621.439271
train_bonds_angles_90,Beta,95,0.008501499891281128,1754315675.5651298
train_bonds_angles_90,Beta,96,0.008601400069892406,1754315717.7567222
train_bonds_angles_90,Beta,97,0.008701300248503685,1754315760.0704541
train_bonds_angles_90,Beta,98,0.008801200427114964,1754315802.4429252
train_bonds_angles_90,Beta,99,0.008901099674403667,1754315844.837984
train_bonds_angles_90,Beta,100,0.009000999853014946,1754315898.420849
train_bonds_angles_90,Beta,101,0.009100900031626225,1754315940.5775151
train_bonds_angles_90,Beta,102,0.009200800210237503,1754315982.9470644
train_bonds_angles_90,Beta,103,0.009300700388848782,1754316025.2758164
train_bonds_angles_90,Beta,104,0.009400599636137486,1754316067.5226932
train_bonds_angles_90,Beta,105,0.009500499814748764,1754316121.029809
train_bonds_angles_90,Beta,106,0.009600399993360043,1754316164.0295122
train_bonds_angles_90,Beta,107,0.009700300171971321,1754316206.546209
train_bonds_angles_90,Beta,108,0.0098002003505826,1754316249.039975
train_bonds_angles_90,Beta,109,0.009900099597871304,1754316291.925637
train_bonds_angles_90,Beta,110,0.009999999776482582,1754316495.1680772
train_bonds_angles_90,Beta,111,0.009999999776482582,1754316547.5440333
train_bonds_angles_90,Beta,112,0.009999999776482582,1754316591.1831937
train_bonds_angles_90,Beta,113,0.009999999776482582,1754316634.6589944
train_bonds_angles_90,Beta,114,0.009999999776482582,1754316704.8689933
train_bonds_angles_90,Beta,115,0.009999999776482582,1754317475.6755316
train_bonds_angles_90,Beta,116,0.009999999776482582,1754317517.567032
train_bonds_angles_90,Beta,117,0.009999999776482582,1754317559.6767323
train_bonds_angles_90,Beta,118,0.009999999776482582,1754317602.1080515
train_bonds_angles_90,Beta,119,0.009999999776482582,1754317644.6937666
train_bonds_angles_90,Learning Rate,90,4.999999873689376e-06,1754315450.1265624
train_bonds_angles_90,Learning Rate,91,4.999999873689376e-06,1754315493.0954292
train_bonds_angles_90,Learning Rate,92,4.999999873689376e-06,1754315535.963199
train_bonds_angles_90,Learning Rate,93,4.999999873689376e-06,1754315578.7917604
train_bonds_angles_90,Learning Rate,94,4.999999873689376e-06,1754315621.4392753
train_bonds_angles_90,Learning Rate,95,4.999999873689376e-06,1754315675.5651343
train_bonds_angles_90,Learning Rate,96,4.999999873689376e-06,1754315717.7567267
train_bonds_angles_90,Learning Rate,97,4.999999873689376e-06,1754315760.0704587
train_bonds_angles_90,Learning Rate,98,4.999999873689376e-06,1754315802.44293
train_bonds_angles_90,Learning Rate,99,4.999999873689376e-06,1754315844.8379884
train_bonds_angles_90,Learning Rate,100,4.999999873689376e-06,1754315898.4208548
train_bonds_angles_90,Learning Rate,101,4.999999873689376e-06,1754315940.577543
train_bonds_angles_90,Learning Rate,102,4.999999873689376e-06,1754315982.9470694
train_bonds_angles_90,Learning Rate,103,4.999999873689376e-06,1754316025.2758336
train_bonds_angles_90,Learning Rate,104,4.999999873689376e-06,1754316067.5226977
train_bonds_angles_90,Learning Rate,105,4.999999873689376e-06,1754316121.029813
train_bonds_angles_90,Learning Rate,106,4.999999873689376e-06,1754316164.0295167
train_bonds_angles_90,Learning Rate,107,4.999999873689376e-06,1754316206.5462136
train_bonds_angles_90,Learning Rate,108,4.999999873689376e-06,1754316249.0399795
train_bonds_angles_90,Learning Rate,109,4.999999873689376e-06,1754316291.925642
train_bonds_angles_90,Learning Rate,110,4.999999873689376e-06,1754316495.1680832
train_bonds_angles_90,Learning Rate,111,4.999999873689376e-06,1754316547.5440378
train_bonds_angles_90,Learning Rate,112,4.999999873689376e-06,1754316591.1831982
train_bonds_angles_90,Learning Rate,113,4.999999873689376e-06,1754316634.659
train_bonds_angles_90,Learning Rate,114,4.999999873689376e-06,1754316704.8689988
train_bonds_angles_90,Learning Rate,115,4.999999873689376e-06,1754317475.6755364
train_bonds_angles_90,Learning Rate,116,4.999999873689376e-06,1754317517.5670366
train_bonds_angles_90,Learning Rate,117,4.999999873689376e-06,1754317559.676737
train_bonds_angles_90,Learning Rate,118,4.999999873689376e-06,1754317602.108056
train_bonds_angles_90,Learning Rate,119,4.999999873689376e-06,1754317644.6937706
train_lj_30,Loss/train,30,1.9620554447174072,1754311652.1146097
train_lj_30,Loss/train,31,0.09798137098550797,1754311727.1301234
train_lj_30,Loss/train,32,0.04945812374353409,1754311802.319708
train_lj_30,Loss/train,33,0.043621890246868134,1754311877.281706
train_lj_30,Loss/train,34,0.042071886360645294,1754311952.236896
train_lj_30,Loss/train,35,0.0488438680768013,1754312037.8171191
train_lj_30,Loss/train,36,0.037428878247737885,1754312112.3139648
train_lj_30,Loss/train,37,0.03875798359513283,1754312187.803477
train_lj_30,Loss/train,38,0.035513829439878464,1754312270.1259713
train_lj_30,Loss/train,39,0.04727846011519432,1754312345.8857532
train_lj_30,Loss/train,40,0.039723802357912064,1754312433.1026208
train_lj_30,Loss/train,41,0.039835650473833084,1754312508.103411
train_lj_30,Loss/train,42,0.04222070798277855,1754312583.076517
train_lj_30,Loss/train,43,0.040128547698259354,1754312657.5387392
train_lj_30,Loss/train,44,0.03644539788365364,1754312732.3833404
train_lj_30,Loss/train,45,0.035731811076402664,1754312818.263209
train_lj_30,Loss/train,46,0.033695731312036514,1754312892.9179487
train_lj_30,Loss/train,47,0.03144930675625801,1754312967.7429104
train_lj_30,Loss/train,48,0.03372564911842346,1754313042.933081
train_lj_30,Loss/train,49,0.03486204147338867,1754313117.61881
train_lj_30,Loss/train,50,0.02916850708425045,1754313203.4451156
train_lj_30,Loss/train,51,0.028531750664114952,1754313278.1559637
train_lj_30,Loss/train,52,0.027957549318671227,1754313352.9366713
train_lj_30,Loss/train,53,0.02759350650012493,1754313427.5993907
train_lj_30,Loss/train,54,0.02630133554339409,1754313502.3776467
train_lj_30,Loss/train,55,0.026647891849279404,1754313591.1351447
train_lj_30,Loss/train,56,0.02572406269609928,1754313666.292667
train_lj_30,Loss/train,57,0.025523845106363297,1754313741.2951405
train_lj_30,Loss/train,58,0.025724368169903755,1754313815.8284438
train_lj_30,Loss/train,59,0.02542574144899845,1754313892.4214914
train_lj_30,Loss/val,30,0.5441860556602478,1754311652.1146507
train_lj_30,Loss/val,31,0.056297771632671356,1754311727.130147
train_lj_30,Loss/val,32,0.044205546379089355,1754311802.319734
train_lj_30,Loss/val,33,0.04262213781476021,1754311877.281729
train_lj_30,Loss/val,34,0.04257100448012352,1754311952.2369196
train_lj_30,Loss/val,35,0.03959737718105316,1754312037.8171434
train_lj_30,Loss/val,36,0.03981044515967369,1754312112.3139894
train_lj_30,Loss/val,37,0.0351257249712944,1754312187.803501
train_lj_30,Loss/val,38,0.04947974532842636,1754312270.1259956
train_lj_30,Loss/val,39,0.04487762600183487,1754312345.8857791
train_lj_30,Loss/val,40,0.038278378546237946,1754312433.102673
train_lj_30,Loss/val,41,0.040494952350854874,1754312508.1034355
train_lj_30,Loss/val,42,0.04363882914185524,1754312583.076541
train_lj_30,Loss/val,43,0.03776660934090614,1754312657.538777
train_lj_30,Loss/val,44,0.035236015915870667,1754312732.3833642
train_lj_30,Loss/val,45,0.03691136837005615,1754312818.2632318
train_lj_30,Loss/val,46,0.03283146023750305,1754312892.917998
train_lj_30,Loss/val,47,0.03233969584107399,1754312967.7429333
train_lj_30,Loss/val,48,0.033403828740119934,1754313042.9331038
train_lj_30,Loss/val,49,0.03307231515645981,1754313117.6188328
train_lj_30,Loss/val,50,0.028176389634609222,1754313203.4451396
train_lj_30,Loss/val,51,0.028226830065250397,1754313278.1559873
train_lj_30,Loss/val,52,0.027961399406194687,1754313352.936695
train_lj_30,Loss/val,53,0.02769658714532852,1754313427.5994134
train_lj_30,Loss/val,54,0.026898879557847977,1754313502.3776715
train_lj_30,Loss/val,55,0.026131708174943924,1754313591.1351671
train_lj_30,Loss/val,56,0.026073312386870384,1754313666.2926903
train_lj_30,Loss/val,57,0.027249610051512718,1754313741.2951648
train_lj_30,Loss/val,58,0.025746261700987816,1754313815.8284671
train_lj_30,Loss/val,59,0.02571062557399273,1754313892.4215176
train_lj_30,Loss/KL_train,30,0.19148455560207367,1754311652.1146593
train_lj_30,Loss/KL_train,31,0.42507708072662354,1754311727.1301541
train_lj_30,Loss/KL_train,32,0.557438850402832,1754311802.3197412
train_lj_30,Loss/KL_train,33,0.6291736364364624,1754311877.2817357
train_lj_30,Loss/KL_train,34,0.5056329369544983,1754311952.2369266
train_lj_30,Loss/KL_train,35,0.6064012050628662,1754312037.8171523
train_lj_30,Loss/KL_train,36,0.5631331205368042,1754312112.3139958
train_lj_30,Loss/KL_train,37,0.5267688035964966,1754312187.8035083
train_lj_30,Loss/KL_train,38,0.4926842451095581,1754312270.1260018
train_lj_30,Loss/KL_train,39,0.459514319896698,1754312345.8857892
train_lj_30,Loss/KL_train,40,0.4902533292770386,1754312433.1026795
train_lj_30,Loss/KL_train,41,0.4304913580417633,1754312508.1034424
train_lj_30,Loss/KL_train,42,0.3706432580947876,1754312583.076572
train_lj_30,Loss/KL_train,43,1.0155320167541504,1754312657.5387888
train_lj_30,Loss/KL_train,44,1.3213725090026855,1754312732.3833706
train_lj_30,Loss/KL_train,45,1.258877158164978,1754312818.2632387
train_lj_30,Loss/KL_train,46,1.1373064517974854,1754312892.9180052
train_lj_30,Loss/KL_train,47,1.0211437940597534,1754312967.7429643
train_lj_30,Loss/KL_train,48,0.6172600388526917,1754313042.933111
train_lj_30,Loss/KL_train,49,0.40394774079322815,1754313117.61884
train_lj_30,Loss/KL_train,50,0.37930816411972046,1754313203.445147
train_lj_30,Loss/KL_train,51,0.3593592643737793,1754313278.1559944
train_lj_30,Loss/KL_train,52,0.33973532915115356,1754313352.9367259
train_lj_30,Loss/KL_train,53,0.3172686994075775,1754313427.59942
train_lj_30,Loss/KL_train,54,0.2974545657634735,1754313502.3776784
train_lj_30,Loss/KL_train,55,0.3867489993572235,1754313591.1351757
train_lj_30,Loss/KL_train,56,0.4180241525173187,1754313666.2926967
train_lj_30,Loss/KL_train,57,0.3596280813217163,1754313741.2951713
train_lj_30,Loss/KL_train,58,0.3312378227710724,1754313815.828474
train_lj_30,Loss/KL_train,59,0.2873026430606842,1754313892.4215283
train_lj_30,Loss/KL_val,30,0.36249253153800964,1754311652.114665
train_lj_30,Loss/KL_val,31,0.44655904173851013,1754311727.1301699
train_lj_30,Loss/KL_val,32,0.5808222889900208,1754311802.3197465
train_lj_30,Loss/KL_val,33,0.6247117519378662,1754311877.2817411
train_lj_30,Loss/KL_val,34,0.4275088310241699,1754311952.2369316
train_lj_30,Loss/KL_val,35,0.6013022661209106,1754312037.8171582
train_lj_30,Loss/KL_val,36,0.5037607550621033,1754312112.3140008
train_lj_30,Loss/KL_val,37,0.5181129574775696,1754312187.803513
train_lj_30,Loss/KL_val,38,0.42802146077156067,1754312270.1260068
train_lj_30,Loss/KL_val,39,0.46375805139541626,1754312345.8857956
train_lj_30,Loss/KL_val,40,0.43084588646888733,1754312433.1026843
train_lj_30,Loss/KL_val,41,0.3625957667827606,1754312508.1034474
train_lj_30,Loss/KL_val,42,0.4717041254043579,1754312583.076577
train_lj_30,Loss/KL_val,43,1.2165093421936035,1754312657.538794
train_lj_30,Loss/KL_val,44,1.2570886611938477,1754312732.3833756
train_lj_30,Loss/KL_val,45,1.2725962400436401,1754312818.2632458
train_lj_30,Loss/KL_val,46,1.0275877714157104,1754312892.91801
train_lj_30,Loss/KL_val,47,1.0060126781463623,1754312967.7429686
train_lj_30,Loss/KL_val,48,0.41616275906562805,1754313042.933116
train_lj_30,Loss/KL_val,49,0.3767724931240082,1754313117.6188452
train_lj_30,Loss/KL_val,50,0.3706720173358917,1754313203.4451697
train_lj_30,Loss/KL_val,51,0.3454206585884094,1754313278.156
train_lj_30,Loss/KL_val,52,0.3224206566810608,1754313352.9367304
train_lj_30,Loss/KL_val,53,0.302497923374176,1754313427.5994267
train_lj_30,Loss/KL_val,54,0.2808835804462433,1754313502.3776832
train_lj_30,Loss/KL_val,55,0.4326168894767761,1754313591.1351993
train_lj_30,Loss/KL_val,56,0.3816473186016083,1754313666.2927017
train_lj_30,Loss/KL_val,57,0.3425809144973755,1754313741.295176
train_lj_30,Loss/KL_val,58,0.3026736080646515,1754313815.8284793
train_lj_30,Loss/KL_val,59,0.26333221793174744,1754313892.4215336
train_lj_30,Loss/Reconstruction_train,30,0.0187540166079998,1754311652.1146703
train_lj_30,Loss/Reconstruction_train,31,0.029468856751918793,1754311727.1301749
train_lj_30,Loss/Reconstruction_train,32,0.03228125721216202,1754311802.3197536
train_lj_30,Loss/Reconstruction_train,33,0.031490910798311234,1754311877.2817457
train_lj_30,Loss/Reconstruction_train,34,0.030226804316043854,1754311952.2369359
train_lj_30,Loss/Reconstruction_train,35,0.03000015579164028,1754312037.8171635
train_lj_30,Loss/Reconstruction_train,36,0.029195057228207588,1754312112.3140056
train_lj_30,Loss/Reconstruction_train,37,0.028871985152363777,1754312187.8035176
train_lj_30,Loss/Reconstruction_train,38,0.027953773736953735,1754312270.1260114
train_lj_30,Loss/Reconstruction_train,39,0.028692472726106644,1754312345.8858001
train_lj_30,Loss/Reconstruction_train,40,0.02754754014313221,1754312433.1026888
train_lj_30,Loss/Reconstruction_train,41,0.027300352230668068,1754312508.103452
train_lj_30,Loss/Reconstruction_train,42,0.02692374400794506,1754312583.076582
train_lj_30,Loss/Reconstruction_train,43,0.027912011370062828,1754312657.5387983
train_lj_30,Loss/Reconstruction_train,44,0.028220735490322113,1754312732.38338
train_lj_30,Loss/Reconstruction_train,45,0.027330603450536728,1754312818.2632577
train_lj_30,Loss/Reconstruction_train,46,0.026871394366025925,1754312892.9180148
train_lj_30,Loss/Reconstruction_train,47,0.025815701112151146,1754312967.7429729
train_lj_30,Loss/Reconstruction_train,48,0.024004077538847923,1754313042.9331205
train_lj_30,Loss/Reconstruction_train,49,0.02361394837498665,1754313117.61885
train_lj_30,Loss/Reconstruction_train,50,0.023859908804297447,1754313203.4451742
train_lj_30,Loss/Reconstruction_train,51,0.023523638024926186,1754313278.1560051
train_lj_30,Loss/Reconstruction_train,52,0.023380743339657784,1754313352.9367352
train_lj_30,Loss/Reconstruction_train,53,0.02288595587015152,1754313427.5994394
train_lj_30,Loss/Reconstruction_train,54,0.022812094539403915,1754313502.3776875
train_lj_30,Loss/Reconstruction_train,55,0.022475404664874077,1754313591.1352036
train_lj_30,Loss/Reconstruction_train,56,0.022152049466967583,1754313666.2927063
train_lj_30,Loss/Reconstruction_train,57,0.02175711654126644,1754313741.29518
train_lj_30,Loss/Reconstruction_train,58,0.02145163156092167,1754313815.8284838
train_lj_30,Loss/Reconstruction_train,59,0.021304449066519737,1754313892.4215388
train_lj_30,Loss/Reconstruction_val,30,0.026323728263378143,1754311652.1146753
train_lj_30,Loss/Reconstruction_val,31,0.031713925302028656,1754311727.1301796
train_lj_30,Loss/Reconstruction_val,32,0.03252219408750534,1754311802.3197584
train_lj_30,Loss/Reconstruction_val,33,0.031775813549757004,1754311877.28175
train_lj_30,Loss/Reconstruction_val,34,0.030645688995718956,1754311952.2369404
train_lj_30,Loss/Reconstruction_val,35,0.029967917129397392,1754312037.8171678
train_lj_30,Loss/Reconstruction_val,36,0.029497552663087845,1754312112.3140097
train_lj_30,Loss/Reconstruction_val,37,0.028968801721930504,1754312187.8035219
train_lj_30,Loss/Reconstruction_val,38,0.028600987046957016,1754312270.1260152
train_lj_30,Loss/Reconstruction_val,39,0.029550451785326004,1754312345.8858051
train_lj_30,Loss/Reconstruction_val,40,0.02772991731762886,1754312433.1026928
train_lj_30,Loss/Reconstruction_val,41,0.027288028970360756,1754312508.1034558
train_lj_30,Loss/Reconstruction_val,42,0.027681905776262283,1754312583.076586
train_lj_30,Loss/Reconstruction_val,43,0.02914673648774624,1754312657.5388021
train_lj_30,Loss/Reconstruction_val,44,0.028144018724560738,1754312732.3833835
train_lj_30,Loss/Reconstruction_val,45,0.02787083573639393,1754312818.263262
train_lj_30,Loss/Reconstruction_val,46,0.026783403009176254,1754312892.9180188
train_lj_30,Loss/Reconstruction_val,47,0.025750109925866127,1754312967.7429771
train_lj_30,Loss/Reconstruction_val,48,0.024002280086278915,1754313042.9331448
train_lj_30,Loss/Reconstruction_val,49,0.02426970563828945,1754313117.618854
train_lj_30,Loss/Reconstruction_val,50,0.024162761867046356,1754313203.445178
train_lj_30,Loss/Reconstruction_val,51,0.02400250919163227,1754313278.1560094
train_lj_30,Loss/Reconstruction_val,52,0.02369554527103901,1754313352.936741
train_lj_30,Loss/Reconstruction_val,53,0.023202406242489815,1754313427.5994432
train_lj_30,Loss/Reconstruction_val,54,0.02299506776034832,1754313502.377694
train_lj_30,Loss/Reconstruction_val,55,0.022628115490078926,1754313591.1352074
train_lj_30,Loss/Reconstruction_val,56,0.02236020751297474,1754313666.29271
train_lj_30,Loss/Reconstruction_val,57,0.022081153467297554,1754313741.295184
train_lj_30,Loss/Reconstruction_val,58,0.021807828918099403,1754313815.8284883
train_lj_30,Loss/Reconstruction_val,59,0.021683210507035255,1754313892.4215436
train_lj_30,Loss/Physics_train,30,1942916905828352.0,1754311652.1146798
train_lj_30,Loss/Physics_train,31,67616496418816.0,1754311727.1301844
train_lj_30,Loss/Physics_train,32,15946154508288.0,1754311802.3197632
train_lj_30,Loss/Physics_train,33,10679036674048.0,1754311877.2817538
train_lj_30,Loss/Physics_train,34,10627719364608.0,1754311952.236945
train_lj_30,Loss/Physics_train,35,17323162337280.0,1754312037.8171728
train_lj_30,Loss/Physics_train,36,6765505150976.0,1754312112.3140142
train_lj_30,Loss/Physics_train,37,8459875516416.0,1754312187.8035264
train_lj_30,Loss/Physics_train,38,6176991870976.0,1754312270.1260195
train_lj_30,Loss/Physics_train,39,17250134261760.0,1754312345.88581
train_lj_30,Loss/Physics_train,40,10702071791616.0,1754312433.1026971
train_lj_30,Loss/Physics_train,41,11197804969984.0,1754312508.1034603
train_lj_30,Loss/Physics_train,42,14108385607680.0,1754312583.0765905
train_lj_30,Loss/Physics_train,43,8858477002752.0,1754312657.5388067
train_lj_30,Loss/Physics_train,44,3723274223616.0,1754312732.383388
train_lj_30,Loss/Physics_train,45,3986955436032.0,1754312818.2632666
train_lj_30,Loss/Physics_train,46,2722754199552.0,1754312892.9180233
train_lj_30,Loss/Physics_train,47,1848940953600.0,1754312967.7429812
train_lj_30,Loss/Physics_train,48,7372156174336.0,1754313042.9331489
train_lj_30,Loss/Physics_train,49,9670234210304.0,1754313117.618881
train_lj_30,Loss/Physics_train,50,3789088620544.0,1754313203.4451823
train_lj_30,Loss/Physics_train,51,3532619776000.0,1754313278.156014
train_lj_30,Loss/Physics_train,52,3147946262528.0,1754313352.936746
train_lj_30,Loss/Physics_train,53,3341487702016.0,1754313427.5994477
train_lj_30,Loss/Physics_train,54,2178776039424.0,1754313502.3777065
train_lj_30,Loss/Physics_train,55,2429990469632.0,1754313591.1352117
train_lj_30,Loss/Physics_train,56,1646844444672.0,1754313666.2927144
train_lj_30,Loss/Physics_train,57,2074571702272.0,1754313741.2951877
train_lj_30,Loss/Physics_train,58,2681072517120.0,1754313815.8284934
train_lj_30,Loss/Physics_train,59,2712044830720.0,1754313892.4215596
train_lj_30,Loss/Physics_val,30,517134429978624.0,1754311652.1146836
train_lj_30,Loss/Physics_val,31,23642542964736.0,1754311727.1301882
train_lj_30,Loss/Physics_val,32,10401010941952.0,1754311802.3197672
train_lj_30,Loss/Physics_val,33,9404678144000.0,1754311877.281758
train_lj_30,Loss/Physics_val,34,10896043671552.0,1754311952.2369487
train_lj_30,Loss/Physics_val,35,8121694552064.0,1754312037.8171768
train_lj_30,Loss/Physics_val,36,8999385694208.0,1754312112.314018
train_lj_30,Loss/Physics_val,37,4754235719680.0,1754312187.8035305
train_lj_30,Loss/Physics_val,38,19677214408704.0,1754312270.1260235
train_lj_30,Loss/Physics_val,39,13978985037824.0,1754312345.885814
train_lj_30,Loss/Physics_val,40,9252908302336.0,1754312433.102701
train_lj_30,Loss/Physics_val,41,12080374611968.0,1754312508.103464
train_lj_30,Loss/Physics_val,42,14444262326272.0,1754312583.0765944
train_lj_30,Loss/Physics_val,43,4597242396672.0,1754312657.5388112
train_lj_30,Loss/Physics_val,44,2809599885312.0,1754312732.383392
train_lj_30,Loss/Physics_val,45,4578174042112.0,1754312818.2632704
train_lj_30,Loss/Physics_val,46,2342165676032.0,1754312892.9180274
train_lj_30,Loss/Physics_val,47,2861001867264.0,1754312967.7429845
train_lj_30,Loss/Physics_val,48,7817548267520.0,1754313042.933153
train_lj_30,Loss/Physics_val,49,7330897330176.0,1754313117.6188848
train_lj_30,Loss/Physics_val,50,2528716259328.0,1754313203.445186
train_lj_30,Loss/Physics_val,51,2806058582016.0,1754313278.1560183
train_lj_30,Loss/Physics_val,52,2909818060800.0,1754313352.93675
train_lj_30,Loss/Physics_val,53,3191715921920.0,1754313427.599452
train_lj_30,Loss/Physics_val,54,2666350510080.0,1754313502.3777103
train_lj_30,Loss/Physics_val,55,1554437111808.0,1754313591.1352153
train_lj_30,Loss/Physics_val,56,1955466051584.0,1754313666.2927182
train_lj_30,Loss/Physics_val,57,3556511055872.0,1754313741.2951918
train_lj_30,Loss/Physics_val,58,2484025425920.0,1754313815.8284976
train_lj_30,Loss/Physics_val,59,2735744221184.0,1754313892.421564
train_lj_30,Lambda,30,1.0000000036274937e-15,1754311652.1146882
train_lj_30,Lambda,31,1.0000000036274937e-15,1754311727.1301932
train_lj_30,Lambda,32,1.0000000036274937e-15,1754311802.3197722
train_lj_30,Lambda,33,1.0000000036274937e-15,1754311877.2817626
train_lj_30,Lambda,34,1.0000000036274937e-15,1754311952.2369533
train_lj_30,Lambda,35,1.0000000036274937e-15,1754312037.8171823
train_lj_30,Lambda,36,1.0000000036274937e-15,1754312112.314023
train_lj_30,Lambda,37,1.0000000036274937e-15,1754312187.8035355
train_lj_30,Lambda,38,1.0000000036274937e-15,1754312270.1260283
train_lj_30,Lambda,39,1.0000000036274937e-15,1754312345.8858192
train_lj_30,Lambda,40,1.0000000036274937e-15,1754312433.102706
train_lj_30,Lambda,41,1.0000000036274937e-15,1754312508.1034687
train_lj_30,Lambda,42,1.0000000036274937e-15,1754312583.0765994
train_lj_30,Lambda,43,1.0000000036274937e-15,1754312657.5388157
train_lj_30,Lambda,44,1.0000000036274937e-15,1754312732.3833966
train_lj_30,Lambda,45,1.0000000036274937e-15,1754312818.2632756
train_lj_30,Lambda,46,1.0000000036274937e-15,1754312892.9180324
train_lj_30,Lambda,47,1.0000000036274937e-15,1754312967.742989
train_lj_30,Lambda,48,1.0000000036274937e-15,1754313042.933158
train_lj_30,Lambda,49,1.0000000036274937e-15,1754313117.6188896
train_lj_30,Lambda,50,1.0000000036274937e-15,1754313203.4451902
train_lj_30,Lambda,51,1.0000000036274937e-15,1754313278.1560228
train_lj_30,Lambda,52,1.0000000036274937e-15,1754313352.936755
train_lj_30,Lambda,53,1.0000000036274937e-15,1754313427.599457
train_lj_30,Lambda,54,1.0000000036274937e-15,1754313502.3777149
train_lj_30,Lambda,55,1.0000000036274937e-15,1754313591.13522
train_lj_30,Lambda,56,1.0000000036274937e-15,1754313666.2927227
train_lj_30,Lambda,57,1.0000000036274937e-15,1754313741.295197
train_lj_30,Lambda,58,1.0000000036274937e-15,1754313815.8285024
train_lj_30,Lambda,59,1.0000000036274937e-15,1754313892.4215698
train_lj_30,Beta,30,0.002007999923080206,1754311652.1146927
train_lj_30,Beta,31,0.0021079001016914845,1754311727.1301978
train_lj_30,Beta,32,0.0022078000474721193,1754311802.3197765
train_lj_30,Beta,33,0.002307699993252754,1754311877.2817667
train_lj_30,Beta,34,0.002407599939033389,1754311952.2369578
train_lj_30,Beta,35,0.002507499884814024,1754312037.8171868
train_lj_30,Beta,36,0.0026074000634253025,1754312112.3140273
train_lj_30,Beta,37,0.0027073000092059374,1754312187.8035398
train_lj_30,Beta,38,0.0028071999549865723,1754312270.1260324
train_lj_30,Beta,39,0.002907099900767207,1754312345.8858242
train_lj_30,Beta,40,0.0030070000793784857,1754312433.1027102
train_lj_30,Beta,41,0.0031069000251591206,1754312508.1034732
train_lj_30,Beta,42,0.0032067999709397554,1754312583.0766037
train_lj_30,Beta,43,0.0033066999167203903,1754312657.5388203
train_lj_30,Beta,44,0.003406600095331669,1754312732.3834007
train_lj_30,Beta,45,0.0035065000411123037,1754312818.26328
train_lj_30,Beta,46,0.0036063999868929386,1754312892.918037
train_lj_30,Beta,47,0.0037062999326735735,1754312967.7429929
train_lj_30,Beta,48,0.003806200111284852,1754313042.9331622
train_lj_30,Beta,49,0.003906100057065487,1754313117.6188936
train_lj_30,Beta,50,0.004005999770015478,1754313203.4451945
train_lj_30,Beta,51,0.004105899948626757,1754313278.156027
train_lj_30,Beta,52,0.004205800127238035,1754313352.936759
train_lj_30,Beta,53,0.004305699840188026,1754313427.5994618
train_lj_30,Beta,54,0.004405600018799305,1754313502.3777199
train_lj_30,Beta,55,0.0045055001974105835,1754313591.1352239
train_lj_30,Beta,56,0.004605399910360575,1754313666.2927265
train_lj_30,Beta,57,0.004705300088971853,1754313741.2952013
train_lj_30,Beta,58,0.0048051998019218445,1754313815.828507
train_lj_30,Beta,59,0.004905099980533123,1754313892.4215748
train_lj_30,Learning Rate,30,4.999999873689376e-06,1754311652.114697
train_lj_30,Learning Rate,31,4.999999873689376e-06,1754311727.1302025
train_lj_30,Learning Rate,32,4.999999873689376e-06,1754311802.3197815
train_lj_30,Learning Rate,33,4.999999873689376e-06,1754311877.2817707
train_lj_30,Learning Rate,34,4.999999873689376e-06,1754311952.2369623
train_lj_30,Learning Rate,35,4.999999873689376e-06,1754312037.8171914
train_lj_30,Learning Rate,36,4.999999873689376e-06,1754312112.314032
train_lj_30,Learning Rate,37,4.999999873689376e-06,1754312187.8035443
train_lj_30,Learning Rate,38,4.999999873689376e-06,1754312270.126037
train_lj_30,Learning Rate,39,4.999999873689376e-06,1754312345.8858294
train_lj_30,Learning Rate,40,4.999999873689376e-06,1754312433.102717
train_lj_30,Learning Rate,41,4.999999873689376e-06,1754312508.1034772
train_lj_30,Learning Rate,42,4.999999873689376e-06,1754312583.0766082
train_lj_30,Learning Rate,43,4.999999873689376e-06,1754312657.5388253
train_lj_30,Learning Rate,44,4.999999873689376e-06,1754312732.383405
train_lj_30,Learning Rate,45,4.999999873689376e-06,1754312818.2632847
train_lj_30,Learning Rate,46,4.999999873689376e-06,1754312892.9180412
train_lj_30,Learning Rate,47,4.999999873689376e-06,1754312967.7429972
train_lj_30,Learning Rate,48,4.999999873689376e-06,1754313042.9331672
train_lj_30,Learning Rate,49,4.999999873689376e-06,1754313117.6188984
train_lj_30,Learning Rate,50,4.999999873689376e-06,1754313203.4451988
train_lj_30,Learning Rate,51,4.999999873689376e-06,1754313278.1560314
train_lj_30,Learning Rate,52,4.999999873689376e-06,1754313352.9367633
train_lj_30,Learning Rate,53,4.999999873689376e-06,1754313427.5994668
train_lj_30,Learning Rate,54,4.999999873689376e-06,1754313502.3777244
train_lj_30,Learning Rate,55,4.999999873689376e-06,1754313591.1352282
train_lj_30,Learning Rate,56,4.999999873689376e-06,1754313666.2927308
train_lj_30,Learning Rate,57,4.999999873689376e-06,1754313741.2952058
train_lj_30,Learning Rate,58,4.999999873689376e-06,1754313815.828512
train_lj_30,Learning Rate,59,4.999999873689376e-06,1754313892.42158
train_bonds_60,Loss/train,60,0.018064294010400772,1754314329.4287975
train_bonds_60,Loss/train,61,0.016114072874188423,1754314363.111501
train_bonds_60,Loss/train,62,0.015851495787501335,1754314397.0587273
train_bonds_60,Loss/train,63,0.015728164464235306,1754314431.2709086
train_bonds_60,Loss/train,64,0.015660183504223824,1754314465.4203093
train_bonds_60,Loss/train,65,0.0155952712520957,1754314511.2199507
train_bonds_60,Loss/train,66,0.015570644289255142,1754314545.3078375
train_bonds_60,Loss/train,67,0.015560773201286793,1754314579.4677591
train_bonds_60,Loss/train,68,0.015551283024251461,1754314613.4914205
train_bonds_60,Loss/train,69,0.015546226873993874,1754314647.5722227
train_bonds_60,Loss/train,70,0.015538711100816727,1754314693.0510223
train_bonds_60,Loss/train,71,0.015532861463725567,1754314727.1018248
train_bonds_60,Loss/train,72,0.015542963519692421,1754314761.412523
train_bonds_60,Loss/train,73,0.015550071373581886,1754314795.5007992
train_bonds_60,Loss/train,74,0.015565802343189716,1754314829.8693497
train_bonds_60,Loss/train,75,0.01557585783302784,1754314875.119258
train_bonds_60,Loss/train,76,0.01558712124824524,1754314909.3021126
train_bonds_60,Loss/train,77,0.01558800507336855,1754314943.5660968
train_bonds_60,Loss/train,78,0.015619047917425632,1754314977.6960993
train_bonds_60,Loss/train,79,0.015710944309830666,1754315011.800346
train_bonds_60,Loss/train,80,0.015645697712898254,1754315057.154508
train_bonds_60,Loss/train,81,0.015539617277681828,1754315091.4006064
train_bonds_60,Loss/train,82,0.015522927045822144,1754315126.024403
train_bonds_60,Loss/train,83,0.015522412955760956,1754315160.2161222
train_bonds_60,Loss/train,84,0.015506220050156116,1754315194.4190016
train_bonds_60,Loss/train,85,0.015520735643804073,1754315239.7085133
train_bonds_60,Loss/train,86,0.01552923209965229,1754315274.2853103
train_bonds_60,Loss/train,87,0.015537858940660954,1754315308.733676
train_bonds_60,Loss/train,88,0.015516052022576332,1754315343.1894727
train_bonds_60,Loss/train,89,0.0155347203835845,1754315377.5967503
train_bonds_60,Loss/val,60,0.01676434464752674,1754314329.4288287
train_bonds_60,Loss/val,61,0.01635044813156128,1754314363.1115234
train_bonds_60,Loss/val,62,0.016194278374314308,1754314397.0587492
train_bonds_60,Loss/val,63,0.016100386157631874,1754314431.2709315
train_bonds_60,Loss/val,64,0.016013270244002342,1754314465.4203317
train_bonds_60,Loss/val,65,0.01605234481394291,1754314511.2199728
train_bonds_60,Loss/val,66,0.015947837382555008,1754314545.30786
train_bonds_60,Loss/val,67,0.015984494239091873,1754314579.467783
train_bonds_60,Loss/val,68,0.0159336868673563,1754314613.4914412
train_bonds_60,Loss/val,69,0.01591348461806774,1754314647.5722444
train_bonds_60,Loss/val,70,0.015964429825544357,1754314693.0510447
train_bonds_60,Loss/val,71,0.015922455117106438,1754314727.1018484
train_bonds_60,Loss/val,72,0.01597495935857296,1754314761.412545
train_bonds_60,Loss/val,73,0.015993468463420868,1754314795.500823
train_bonds_60,Loss/val,74,0.015962958335876465,1754314829.8693733
train_bonds_60,Loss/val,75,0.01600264012813568,1754314875.1192813
train_bonds_60,Loss/val,76,0.016028201207518578,1754314909.302134
train_bonds_60,Loss/val,77,0.015984734520316124,1754314943.5661192
train_bonds_60,Loss/val,78,0.016037244349718094,1754314977.6961215
train_bonds_60,Loss/val,79,0.016127701848745346,1754315011.8003683
train_bonds_60,Loss/val,80,0.01598603092133999,1754315057.1545327
train_bonds_60,Loss/val,81,0.01598828099668026,1754315091.400632
train_bonds_60,Loss/val,82,0.01598856970667839,1754315126.024426
train_bonds_60,Loss/val,83,0.015939565375447273,1754315160.2161672
train_bonds_60,Loss/val,84,0.01594327762722969,1754315194.4190245
train_bonds_60,Loss/val,85,0.015928056091070175,1754315239.7085352
train_bonds_60,Loss/val,86,0.01589708961546421,1754315274.2853339
train_bonds_60,Loss/val,87,0.01594340056180954,1754315308.7336981
train_bonds_60,Loss/val,88,0.015972377732396126,1754315343.1894958
train_bonds_60,Loss/val,89,0.0159328430891037,1754315377.5967896
train_bonds_60,Loss/KL_train,60,0.03182245045900345,1754314329.4288397
train_bonds_60,Loss/KL_train,61,3.592615757952444e-05,1754314363.11153
train_bonds_60,Loss/KL_train,62,8.752400390221737e-06,1754314397.0587554
train_bonds_60,Loss/KL_train,63,9.038773896463681e-06,1754314431.270939
train_bonds_60,Loss/KL_train,64,9.789249816094525e-06,1754314465.4203386
train_bonds_60,Loss/KL_train,65,1.032460841088323e-05,1754314511.2199807
train_bonds_60,Loss/KL_train,66,1.8377737433183938e-05,1754314545.3078666
train_bonds_60,Loss/KL_train,67,2.517998291295953e-05,1754314579.4677894
train_bonds_60,Loss/KL_train,68,4.191181869828142e-05,1754314613.491447
train_bonds_60,Loss/KL_train,69,3.363733776495792e-05,1754314647.5722513
train_bonds_60,Loss/KL_train,70,4.360079765319824e-05,1754314693.0510519
train_bonds_60,Loss/KL_train,71,7.312920934055e-05,1754314727.1018555
train_bonds_60,Loss/KL_train,72,4.8789381253300235e-05,1754314761.4125516
train_bonds_60,Loss/KL_train,73,5.052442065789364e-05,1754314795.5008318
train_bonds_60,Loss/KL_train,74,2.0997904357500374e-05,1754314829.869381
train_bonds_60,Loss/KL_train,75,1.7936934455065057e-05,1754314875.1192887
train_bonds_60,Loss/KL_train,76,2.1885742171434686e-05,1754314909.3021402
train_bonds_60,Loss/KL_train,77,1.018020248011453e-05,1754314943.5661263
train_bonds_60,Loss/KL_train,78,1.3223019777797163e-05,1754314977.6961277
train_bonds_60,Loss/KL_train,79,0.0001002189819701016,1754315011.8003752
train_bonds_60,Loss/KL_train,80,6.781464617233723e-05,1754315057.1545393
train_bonds_60,Loss/KL_train,81,3.845745959552005e-05,1754315091.4006605
train_bonds_60,Loss/KL_train,82,3.930628372472711e-05,1754315126.0244331
train_bonds_60,Loss/KL_train,83,7.72096882428741e-06,1754315160.2161734
train_bonds_60,Loss/KL_train,84,6.784634024370462e-06,1754315194.4190314
train_bonds_60,Loss/KL_train,85,8.393417374463752e-06,1754315239.708542
train_bonds_60,Loss/KL_train,86,8.362802873307373e-06,1754315274.2853413
train_bonds_60,Loss/KL_train,87,3.652139275800437e-05,1754315308.7337048
train_bonds_60,Loss/KL_train,88,1.0703910447773524e-05,1754315343.1895027
train_bonds_60,Loss/KL_train,89,7.52454434405081e-06,1754315377.5967994
train_bonds_60,Loss/KL_val,60,2.4411827325820923e-05,1754314329.428851
train_bonds_60,Loss/KL_val,61,1.810770481824875e-05,1754314363.1115348
train_bonds_60,Loss/KL_val,62,1.2653879821300507e-05,1754314397.0587604
train_bonds_60,Loss/KL_val,63,9.645707905292511e-06,1754314431.2709446
train_bonds_60,Loss/KL_val,64,5.600973963737488e-06,1754314465.4203556
train_bonds_60,Loss/KL_val,65,1.2334436178207397e-05,1754314511.2199864
train_bonds_60,Loss/KL_val,66,2.405792474746704e-05,1754314545.3078709
train_bonds_60,Loss/KL_val,67,6.732530891895294e-06,1754314579.467794
train_bonds_60,Loss/KL_val,68,5.876459181308746e-05,1754314613.491452
train_bonds_60,Loss/KL_val,69,4.109088331460953e-05,1754314647.5722575
train_bonds_60,Loss/KL_val,70,8.421577513217926e-05,1754314693.0510588
train_bonds_60,Loss/KL_val,71,2.9183924198150635e-05,1754314727.1018605
train_bonds_60,Loss/KL_val,72,0.0001390203833580017,1754314761.412557
train_bonds_60,Loss/KL_val,73,9.133480489253998e-06,1754314795.5008373
train_bonds_60,Loss/KL_val,74,2.658925950527191e-05,1754314829.8693964
train_bonds_60,Loss/KL_val,75,2.169329673051834e-05,1754314875.1192935
train_bonds_60,Loss/KL_val,76,1.1900439858436584e-05,1754314909.3021445
train_bonds_60,Loss/KL_val,77,4.907138645648956e-06,1754314943.5661314
train_bonds_60,Loss/KL_val,78,1.028645783662796e-05,1754314977.6961343
train_bonds_60,Loss/KL_val,79,2.8724782168865204e-05,1754315011.8003805
train_bonds_60,Loss/KL_val,80,3.566034138202667e-05,1754315057.154544
train_bonds_60,Loss/KL_val,81,9.583961218595505e-05,1754315091.400665
train_bonds_60,Loss/KL_val,82,7.899478077888489e-06,1754315126.0244493
train_bonds_60,Loss/KL_val,83,5.217269062995911e-06,1754315160.2161777
train_bonds_60,Loss/KL_val,84,6.737187504768372e-06,1754315194.4190385
train_bonds_60,Loss/KL_val,85,1.4982186257839203e-05,1754315239.7085474
train_bonds_60,Loss/KL_val,86,7.808208465576172e-06,1754315274.2853465
train_bonds_60,Loss/KL_val,87,2.1074898540973663e-05,1754315308.7337093
train_bonds_60,Loss/KL_val,88,1.0486692190170288e-05,1754315343.1895077
train_bonds_60,Loss/KL_val,89,1.1916272342205048e-05,1754315377.5968046
train_bonds_60,Loss/Reconstruction_train,60,0.017331037670373917,1754314329.4288564
train_bonds_60,Loss/Reconstruction_train,61,0.015906181186437607,1754314363.1115518
train_bonds_60,Loss/Reconstruction_train,62,0.01570289023220539,1754314397.0587797
train_bonds_60,Loss/Reconstruction_train,63,0.015602563507854939,1754314431.2709494
train_bonds_60,Loss/Reconstruction_train,64,0.015557166188955307,1754314465.4203606
train_bonds_60,Loss/Reconstruction_train,65,0.015510475262999535,1754314511.2199912
train_bonds_60,Loss/Reconstruction_train,66,0.015496151521801949,1754314545.3078759
train_bonds_60,Loss/Reconstruction_train,67,0.015490665100514889,1754314579.467799
train_bonds_60,Loss/Reconstruction_train,68,0.01548029575496912,1754314613.4914563
train_bonds_60,Loss/Reconstruction_train,69,0.015476326458156109,1754314647.5722702
train_bonds_60,Loss/Reconstruction_train,70,0.015470065176486969,1754314693.0510697
train_bonds_60,Loss/Reconstruction_train,71,0.015464969910681248,1754314727.1018653
train_bonds_60,Loss/Reconstruction_train,72,0.015471801161766052,1754314761.4125612
train_bonds_60,Loss/Reconstruction_train,73,0.015474610961973667,1754314795.5008464
train_bonds_60,Loss/Reconstruction_train,74,0.01548636145889759,1754314829.8694015
train_bonds_60,Loss/Reconstruction_train,75,0.015493681654334068,1754314875.1192985
train_bonds_60,Loss/Reconstruction_train,76,0.015498992055654526,1754314909.3021488
train_bonds_60,Loss/Reconstruction_train,77,0.015503397211432457,1754314943.566136
train_bonds_60,Loss/Reconstruction_train,78,0.01553809642791748,1754314977.6961474
train_bonds_60,Loss/Reconstruction_train,79,0.015604346990585327,1754315011.8003855
train_bonds_60,Loss/Reconstruction_train,80,0.015563483349978924,1754315057.1545696
train_bonds_60,Loss/Reconstruction_train,81,0.015489672310650349,1754315091.4006698
train_bonds_60,Loss/Reconstruction_train,82,0.015477343462407589,1754315126.0244544
train_bonds_60,Loss/Reconstruction_train,83,0.015474367886781693,1754315160.216182
train_bonds_60,Loss/Reconstruction_train,84,0.015462751500308514,1754315194.4190505
train_bonds_60,Loss/Reconstruction_train,85,0.015469902195036411,1754315239.708552
train_bonds_60,Loss/Reconstruction_train,86,0.015472491271793842,1754315274.2853515
train_bonds_60,Loss/Reconstruction_train,87,0.015477266162633896,1754315308.733714
train_bonds_60,Loss/Reconstruction_train,88,0.015466902405023575,1754315343.1895127
train_bonds_60,Loss/Reconstruction_train,89,0.015482800081372261,1754315377.59681
train_bonds_60,Loss/Reconstruction_val,60,0.01650272123515606,1754314329.4288607
train_bonds_60,Loss/Reconstruction_val,61,0.016184862703084946,1754314363.1115563
train_bonds_60,Loss/Reconstruction_val,62,0.016057366505265236,1754314397.0587845
train_bonds_60,Loss/Reconstruction_val,63,0.01598399132490158,1754314431.2709534
train_bonds_60,Loss/Reconstruction_val,64,0.015923384577035904,1754314465.4203649
train_bonds_60,Loss/Reconstruction_val,65,0.01597435399889946,1754314511.2199955
train_bonds_60,Loss/Reconstruction_val,66,0.01587611623108387,1754314545.30788
train_bonds_60,Loss/Reconstruction_val,67,0.01591641828417778,1754314579.4678028
train_bonds_60,Loss/Reconstruction_val,68,0.015863047912716866,1754314613.49146
train_bonds_60,Loss/Reconstruction_val,69,0.015845946967601776,1754314647.572274
train_bonds_60,Loss/Reconstruction_val,70,0.015896286815404892,1754314693.051074
train_bonds_60,Loss/Reconstruction_val,71,0.01585254818201065,1754314727.1018822
train_bonds_60,Loss/Reconstruction_val,72,0.015895919874310493,1754314761.4125652
train_bonds_60,Loss/Reconstruction_val,73,0.015912111848592758,1754314795.5008514
train_bonds_60,Loss/Reconstruction_val,74,0.015882248058915138,1754314829.8694062
train_bonds_60,Loss/Reconstruction_val,75,0.015922876074910164,1754314875.1193027
train_bonds_60,Loss/Reconstruction_val,76,0.015936080366373062,1754314909.3021529
train_bonds_60,Loss/Reconstruction_val,77,0.015914270654320717,1754314943.5661402
train_bonds_60,Loss/Reconstruction_val,78,0.015957754105329514,1754314977.6961513
train_bonds_60,Loss/Reconstruction_val,79,0.016022969037294388,1754315011.8003902
train_bonds_60,Loss/Reconstruction_val,80,0.01592450961470604,1754315057.1545742
train_bonds_60,Loss/Reconstruction_val,81,0.015938905999064445,1754315091.4006739
train_bonds_60,Loss/Reconstruction_val,82,0.015951601788401604,1754315126.024461
train_bonds_60,Loss/Reconstruction_val,83,0.015892695635557175,1754315160.216186
train_bonds_60,Loss/Reconstruction_val,84,0.015897482633590698,1754315194.4190545
train_bonds_60,Loss/Reconstruction_val,85,0.015872672200202942,1754315239.7085557
train_bonds_60,Loss/Reconstruction_val,86,0.015850478783249855,1754315274.2853556
train_bonds_60,Loss/Reconstruction_val,87,0.01588105969130993,1754315308.7337186
train_bonds_60,Loss/Reconstruction_val,88,0.015931323170661926,1754315343.1895173
train_bonds_60,Loss/Reconstruction_val,89,0.01587945595383644,1754315377.5968142
train_bonds_60,Loss/Physics_train,60,57398.6484375,1754314329.4288652
train_bonds_60,Loss/Physics_train,61,20770.86328125,1754314363.111561
train_bonds_60,Loss/Physics_train,62,14855.9794921875,1754314397.0587895
train_bonds_60,Loss/Physics_train,63,12555.3603515625,1754314431.2709577
train_bonds_60,Loss/Physics_train,64,10296.330078125,1754314465.4203696
train_bonds_60,Loss/Physics_train,65,8473.912109375,1754314511.2199993
train_bonds_60,Loss/Physics_train,66,7439.01416015625,1754314545.3078842
train_bonds_60,Loss/Physics_train,67,6996.3896484375,1754314579.4678073
train_bonds_60,Loss/Physics_train,68,7074.3671875,1754314613.4914641
train_bonds_60,Loss/Physics_train,69,6970.224609375,1754314647.5722785
train_bonds_60,Loss/Physics_train,70,6838.49169921875,1754314693.0510786
train_bonds_60,Loss/Physics_train,71,6744.52294921875,1754314727.1018865
train_bonds_60,Loss/Physics_train,72,7086.00244140625,1754314761.4125695
train_bonds_60,Loss/Physics_train,73,7514.208984375,1754314795.5008564
train_bonds_60,Loss/Physics_train,74,7930.7236328125,1754314829.869425
train_bonds_60,Loss/Physics_train,75,8206.0205078125,1754314875.1193073
train_bonds_60,Loss/Physics_train,76,8798.5029296875,1754314909.3021574
train_bonds_60,Loss/Physics_train,77,8454.009765625,1754314943.5661447
train_bonds_60,Loss/Physics_train,78,8086.18212890625,1754314977.6961555
train_bonds_60,Loss/Physics_train,79,10590.4453125,1754315011.8003948
train_bonds_60,Loss/Physics_train,80,8173.97998046875,1754315057.1545784
train_bonds_60,Loss/Physics_train,81,4967.22900390625,1754315091.400678
train_bonds_60,Loss/Physics_train,82,4529.9775390625,1754315126.0244663
train_bonds_60,Loss/Physics_train,83,4798.90380859375,1754315160.2161906
train_bonds_60,Loss/Physics_train,84,4341.7607421875,1754315194.4190588
train_bonds_60,Loss/Physics_train,85,5077.015625,1754315239.7085602
train_bonds_60,Loss/Physics_train,86,5667.74853515625,1754315274.2853599
train_bonds_60,Loss/Physics_train,87,6031.20361328125,1754315308.733723
train_bonds_60,Loss/Physics_train,88,4906.64208984375,1754315343.189522
train_bonds_60,Loss/Physics_train,89,5186.0859375,1754315377.596819
train_bonds_60,Loss/Physics_val,60,26150.119140625,1754314329.428869
train_bonds_60,Loss/Physics_val,61,16549.171875,1754314363.111565
train_bonds_60,Loss/Physics_val,62,13684.5849609375,1754314397.0587935
train_bonds_60,Loss/Physics_val,63,11634.4921875,1754314431.2709618
train_bonds_60,Loss/Physics_val,64,8985.59765625,1754314465.4203734
train_bonds_60,Loss/Physics_val,65,7792.23193359375,1754314511.220003
train_bonds_60,Loss/Physics_val,66,7158.63232421875,1754314545.307888
train_bonds_60,Loss/Physics_val,67,6803.76953125,1754314579.467811
train_bonds_60,Loss/Physics_val,68,7029.8623046875,1754314613.4914677
train_bonds_60,Loss/Physics_val,69,6729.5712890625,1754314647.5722823
train_bonds_60,Loss/Physics_val,70,6763.64111328125,1754314693.051083
train_bonds_60,Loss/Physics_val,71,6973.02685546875,1754314727.1018903
train_bonds_60,Loss/Physics_val,72,7817.5615234375,1754314761.4125733
train_bonds_60,Loss/Physics_val,73,8129.87353515625,1754314795.5008607
train_bonds_60,Loss/Physics_val,74,8053.93603515625,1754314829.8694298
train_bonds_60,Loss/Physics_val,75,7962.37158203125,1754314875.119311
train_bonds_60,Loss/Physics_val,76,9204.193359375,1754314909.3021615
train_bonds_60,Loss/Physics_val,77,7043.1337890625,1754314943.5661488
train_bonds_60,Loss/Physics_val,78,7942.08935546875,1754314977.6961596
train_bonds_60,Loss/Physics_val,79,10453.56640625,1754315011.8003986
train_bonds_60,Loss/Physics_val,80,6127.15771484375,1754315057.1545825
train_bonds_60,Loss/Physics_val,81,4869.541015625,1754315091.4006817
train_bonds_60,Loss/Physics_val,82,3691.120361328125,1754315126.0244703
train_bonds_60,Loss/Physics_val,83,4683.03466796875,1754315160.2161944
train_bonds_60,Loss/Physics_val,84,4574.53759765625,1754315194.4190626
train_bonds_60,Loss/Physics_val,85,5527.154296875,1754315239.7085643
train_bonds_60,Loss/Physics_val,86,4655.17138671875,1754315274.285364
train_bonds_60,Loss/Physics_val,87,6217.806640625,1754315308.733727
train_bonds_60,Loss/Physics_val,88,4097.361328125,1754315343.1895258
train_bonds_60,Loss/Physics_val,89,5329.32568359375,1754315377.5968227
train_bonds_60,Lambda,60,9.99999993922529e-09,1754314329.4288735
train_bonds_60,Lambda,61,9.99999993922529e-09,1754314363.1115701
train_bonds_60,Lambda,62,9.99999993922529e-09,1754314397.0587983
train_bonds_60,Lambda,63,9.99999993922529e-09,1754314431.2709668
train_bonds_60,Lambda,64,9.99999993922529e-09,1754314465.4203787
train_bonds_60,Lambda,65,9.99999993922529e-09,1754314511.2200074
train_bonds_60,Lambda,66,9.99999993922529e-09,1754314545.3078928
train_bonds_60,Lambda,67,9.99999993922529e-09,1754314579.4678156
train_bonds_60,Lambda,68,9.99999993922529e-09,1754314613.4914727
train_bonds_60,Lambda,69,9.99999993922529e-09,1754314647.5722866
train_bonds_60,Lambda,70,9.99999993922529e-09,1754314693.0510879
train_bonds_60,Lambda,71,9.99999993922529e-09,1754314727.1018949
train_bonds_60,Lambda,72,9.99999993922529e-09,1754314761.4125783
train_bonds_60,Lambda,73,9.99999993922529e-09,1754314795.5008664
train_bonds_60,Lambda,74,9.99999993922529e-09,1754314829.869435
train_bonds_60,Lambda,75,9.99999993922529e-09,1754314875.1193156
train_bonds_60,Lambda,76,9.99999993922529e-09,1754314909.3021665
train_bonds_60,Lambda,77,9.99999993922529e-09,1754314943.5661538
train_bonds_60,Lambda,78,9.99999993922529e-09,1754314977.6961644
train_bonds_60,Lambda,79,9.99999993922529e-09,1754315011.800403
train_bonds_60,Lambda,80,9.99999993922529e-09,1754315057.154587
train_bonds_60,Lambda,81,9.99999993922529e-09,1754315091.4006865
train_bonds_60,Lambda,82,9.99999993922529e-09,1754315126.0244753
train_bonds_60,Lambda,83,9.99999993922529e-09,1754315160.216199
train_bonds_60,Lambda,84,9.99999993922529e-09,1754315194.4190671
train_bonds_60,Lambda,85,9.99999993922529e-09,1754315239.7085693
train_bonds_60,Lambda,86,9.99999993922529e-09,1754315274.2853692
train_bonds_60,Lambda,87,9.99999993922529e-09,1754315308.7337317
train_bonds_60,Lambda,88,9.99999993922529e-09,1754315343.1895306
train_bonds_60,Lambda,89,9.99999993922529e-09,1754315377.5968277
train_bonds_60,Beta,60,0.0050050001591444016,1754314329.4288778
train_bonds_60,Beta,61,0.005104899872094393,1754314363.111575
train_bonds_60,Beta,62,0.005204800050705671,1754314397.0588026
train_bonds_60,Beta,63,0.00530470022931695,1754314431.270971
train_bonds_60,Beta,64,0.005404599942266941,1754314465.4203832
train_bonds_60,Beta,65,0.00550450012087822,1754314511.2200115
train_bonds_60,Beta,66,0.005604399833828211,1754314545.307897
train_bonds_60,Beta,67,0.005704300012439489,1754314579.46782
train_bonds_60,Beta,68,0.005804200191050768,1754314613.4914765
train_bonds_60,Beta,69,0.005904099904000759,1754314647.5722911
train_bonds_60,Beta,70,0.006004000082612038,1754314693.0510921
train_bonds_60,Beta,71,0.006103899795562029,1754314727.1018996
train_bonds_60,Beta,72,0.006203799974173307,1754314761.4125826
train_bonds_60,Beta,73,0.006303700152784586,1754314795.5008714
train_bonds_60,Beta,74,0.006403599865734577,1754314829.8694406
train_bonds_60,Beta,75,0.006503500044345856,1754314875.11932
train_bonds_60,Beta,76,0.006603400222957134,1754314909.3021705
train_bonds_60,Beta,77,0.0067032999359071255,1754314943.5661578
train_bonds_60,Beta,78,0.006803200114518404,1754314977.696168
train_bonds_60,Beta,79,0.006903099827468395,1754315011.800407
train_bonds_60,Beta,80,0.007003000006079674,1754315057.1545916
train_bonds_60,Beta,81,0.007102900184690952,1754315091.4006913
train_bonds_60,Beta,82,0.0072027998976409435,1754315126.02448
train_bonds_60,Beta,83,0.007302700076252222,1754315160.216203
train_bonds_60,Beta,84,0.007402599789202213,1754315194.419072
train_bonds_60,Beta,85,0.007502499967813492,1754315239.7085733
train_bonds_60,Beta,86,0.00760240014642477,1754315274.2853732
train_bonds_60,Beta,87,0.007702299859374762,1754315308.733736
train_bonds_60,Beta,88,0.00780220003798604,1754315343.1895347
train_bonds_60,Beta,89,0.007902099750936031,1754315377.5968323
train_bonds_60,Learning Rate,60,4.999999873689376e-06,1754314329.4288821
train_bonds_60,Learning Rate,61,4.999999873689376e-06,1754314363.11158
train_bonds_60,Learning Rate,62,4.999999873689376e-06,1754314397.0588076
train_bonds_60,Learning Rate,63,4.999999873689376e-06,1754314431.2709756
train_bonds_60,Learning Rate,64,4.999999873689376e-06,1754314465.4204123
train_bonds_60,Learning Rate,65,4.999999873689376e-06,1754314511.2200158
train_bonds_60,Learning Rate,66,4.999999873689376e-06,1754314545.3079014
train_bonds_60,Learning Rate,67,4.999999873689376e-06,1754314579.4678247
train_bonds_60,Learning Rate,68,4.999999873689376e-06,1754314613.4914808
train_bonds_60,Learning Rate,69,4.999999873689376e-06,1754314647.5722957
train_bonds_60,Learning Rate,70,4.999999873689376e-06,1754314693.051098
train_bonds_60,Learning Rate,71,4.999999873689376e-06,1754314727.1019042
train_bonds_60,Learning Rate,72,4.999999873689376e-06,1754314761.4125872
train_bonds_60,Learning Rate,73,4.999999873689376e-06,1754314795.500877
train_bonds_60,Learning Rate,74,4.999999873689376e-06,1754314829.8694456
train_bonds_60,Learning Rate,75,4.999999873689376e-06,1754314875.1193247
train_bonds_60,Learning Rate,76,4.999999873689376e-06,1754314909.302175
train_bonds_60,Learning Rate,77,4.999999873689376e-06,1754314943.5661626
train_bonds_60,Learning Rate,78,4.999999873689376e-06,1754314977.6961725
train_bonds_60,Learning Rate,79,4.999999873689376e-06,1754315011.8004117
train_bonds_60,Learning Rate,80,4.999999873689376e-06,1754315057.1545959
train_bonds_60,Learning Rate,81,4.999999873689376e-06,1754315091.400697
train_bonds_60,Learning Rate,82,4.999999873689376e-06,1754315126.0244849
train_bonds_60,Learning Rate,83,4.999999873689376e-06,1754315160.2162075
train_bonds_60,Learning Rate,84,4.999999873689376e-06,1754315194.4190767
train_bonds_60,Learning Rate,85,4.999999873689376e-06,1754315239.7085793
train_bonds_60,Learning Rate,86,4.999999873689376e-06,1754315274.2853777
train_bonds_60,Learning Rate,87,4.999999873689376e-06,1754315308.7337403
train_bonds_60,Learning Rate,88,4.999999873689376e-06,1754315343.1895397
train_bonds_60,Learning Rate,89,4.999999873689376e-06,1754315377.596837
train_bonds_angles_low_kl_90,Loss/train,90,0.018464719876646996,1754317728.0696175
train_bonds_angles_low_kl_90,Loss/train,91,0.01858321763575077,1754317771.0914376
train_bonds_angles_low_kl_90,Loss/train,92,0.018620381131768227,1754317814.6006942
train_bonds_angles_low_kl_90,Loss/train,93,0.018787063658237457,1754317857.7944994
train_bonds_angles_low_kl_90,Loss/train,94,0.019657351076602936,1754317901.2783728
train_bonds_angles_low_kl_90,Loss/train,95,0.018925542011857033,1754317956.6920228
train_bonds_angles_low_kl_90,Loss/train,96,0.018585868179798126,1754317999.6393752
train_bonds_angles_low_kl_90,Loss/train,97,0.018618103116750717,1754318042.613424
train_bonds_angles_low_kl_90,Loss/train,98,0.018456315621733665,1754318085.1988432
train_bonds_angles_low_kl_90,Loss/train,99,0.01854669488966465,1754318127.8240058
train_bonds_angles_low_kl_90,Loss/train,100,0.018665172159671783,1754318182.1551373
train_bonds_angles_low_kl_90,Loss/train,101,0.018649032339453697,1754318225.3151908
train_bonds_angles_low_kl_90,Loss/train,102,0.018452975898981094,1754318274.3341796
train_bonds_angles_low_kl_90,Loss/train,103,0.019115228205919266,1754318489.0474317
train_bonds_angles_low_kl_90,Loss/train,104,0.018378188833594322,1754318740.8730953
train_bonds_angles_low_kl_90,Loss/train,105,0.018315067514777184,1754318794.7963192
train_bonds_angles_low_kl_90,Loss/train,106,0.018244251608848572,1754318837.9925091
train_bonds_angles_low_kl_90,Loss/val,90,0.019213909283280373,1754317728.0696473
train_bonds_angles_low_kl_90,Loss/val,91,0.019061213359236717,1754317771.0914612
train_bonds_angles_low_kl_90,Loss/val,92,0.01922435127198696,1754317814.6007168
train_bonds_angles_low_kl_90,Loss/val,93,0.02009453997015953,1754317857.7945232
train_bonds_angles_low_kl_90,Loss/val,94,0.019537625834345818,1754317901.2783995
train_bonds_angles_low_kl_90,Loss/val,95,0.019155463203787804,1754317956.692046
train_bonds_angles_low_kl_90,Loss/val,96,0.018921883776783943,1754317999.639402
train_bonds_angles_low_kl_90,Loss/val,97,0.018879223614931107,1754318042.6134486
train_bonds_angles_low_kl_90,Loss/val,98,0.018859896808862686,1754318085.1988661
train_bonds_angles_low_kl_90,Loss/val,99,0.018960293382406235,1754318127.824032
train_bonds_angles_low_kl_90,Loss/val,100,0.0191808994859457,1754318182.1551611
train_bonds_angles_low_kl_90,Loss/val,101,0.018865549936890602,1754318225.3152144
train_bonds_angles_low_kl_90,Loss/val,102,0.01937730237841606,1754318274.3342056
train_bonds_angles_low_kl_90,Loss/val,103,0.01888412982225418,1754318489.0474577
train_bonds_angles_low_kl_90,Loss/val,104,0.018818115815520287,1754318740.8731215
train_bonds_angles_low_kl_90,Loss/val,105,0.018682489171624184,1754318794.7963421
train_bonds_angles_low_kl_90,Loss/val,106,0.0186355859041214,1754318837.992532
train_bonds_angles_low_kl_90,Loss/KL_train,90,0.040309011936187744,1754317728.0696583
train_bonds_angles_low_kl_90,Loss/KL_train,91,0.2467523217201233,1754317771.091469
train_bonds_angles_low_kl_90,Loss/KL_train,92,0.3114769756793976,1754317814.6007242
train_bonds_angles_low_kl_90,Loss/KL_train,93,0.4159930944442749,1754317857.7945306
train_bonds_angles_low_kl_90,Loss/KL_train,94,0.5352043509483337,1754317901.2784073
train_bonds_angles_low_kl_90,Loss/KL_train,95,0.8309126496315002,1754317956.6920547
train_bonds_angles_low_kl_90,Loss/KL_train,96,0.9568576216697693,1754317999.6394114
train_bonds_angles_low_kl_90,Loss/KL_train,97,1.0332036018371582,1754318042.6134582
train_bonds_angles_low_kl_90,Loss/KL_train,98,1.118142008781433,1754318085.1988728
train_bonds_angles_low_kl_90,Loss/KL_train,99,1.1446950435638428,1754318127.824042
train_bonds_angles_low_kl_90,Loss/KL_train,100,1.157654047012329,1754318182.1551683
train_bonds_angles_low_kl_90,Loss/KL_train,101,1.1743807792663574,1754318225.3152237
train_bonds_angles_low_kl_90,Loss/KL_train,102,1.2083232402801514,1754318274.3342142
train_bonds_angles_low_kl_90,Loss/KL_train,103,1.526818037033081,1754318489.047466
train_bonds_angles_low_kl_90,Loss/KL_train,104,1.8996622562408447,1754318740.8731282
train_bonds_angles_low_kl_90,Loss/KL_train,105,1.9356776475906372,1754318794.7963488
train_bonds_angles_low_kl_90,Loss/KL_train,106,1.979979157447815,1754318837.9925394
train_bonds_angles_low_kl_90,Loss/KL_val,90,0.15023930370807648,1754317728.0696704
train_bonds_angles_low_kl_90,Loss/KL_val,91,0.31127017736434937,1754317771.0914745
train_bonds_angles_low_kl_90,Loss/KL_val,92,0.3286832273006439,1754317814.600741
train_bonds_angles_low_kl_90,Loss/KL_val,93,0.4207877516746521,1754317857.7945352
train_bonds_angles_low_kl_90,Loss/KL_val,94,0.7414888739585876,1754317901.278413
train_bonds_angles_low_kl_90,Loss/KL_val,95,0.8817231059074402,1754317956.6920707
train_bonds_angles_low_kl_90,Loss/KL_val,96,0.9758777022361755,1754317999.6394172
train_bonds_angles_low_kl_90,Loss/KL_val,97,1.0993436574935913,1754318042.6134634
train_bonds_angles_low_kl_90,Loss/KL_val,98,1.1048475503921509,1754318085.1988778
train_bonds_angles_low_kl_90,Loss/KL_val,99,1.132409930229187,1754318127.8240473
train_bonds_angles_low_kl_90,Loss/KL_val,100,1.1434463262557983,1754318182.1551733
train_bonds_angles_low_kl_90,Loss/KL_val,101,1.1689013242721558,1754318225.3152287
train_bonds_angles_low_kl_90,Loss/KL_val,102,1.2131894826889038,1754318274.3342202
train_bonds_angles_low_kl_90,Loss/KL_val,103,1.8400731086730957,1754318489.0474744
train_bonds_angles_low_kl_90,Loss/KL_val,104,1.8870692253112793,1754318740.873133
train_bonds_angles_low_kl_90,Loss/KL_val,105,1.924189805984497,1754318794.7963536
train_bonds_angles_low_kl_90,Loss/KL_val,106,1.9675166606903076,1754318837.9925444
train_bonds_angles_low_kl_90,Loss/Reconstruction_train,90,0.01554221659898758,1754317728.069676
train_bonds_angles_low_kl_90,Loss/Reconstruction_train,91,0.015601973980665207,1754317771.0914798
train_bonds_angles_low_kl_90,Loss/Reconstruction_train,92,0.015620769001543522,1754317814.6007478
train_bonds_angles_low_kl_90,Loss/Reconstruction_train,93,0.015682648867368698,1754317857.7945397
train_bonds_angles_low_kl_90,Loss/Reconstruction_train,94,0.016084980219602585,1754317901.278418
train_bonds_angles_low_kl_90,Loss/Reconstruction_train,95,0.015816379338502884,1754317956.6920755
train_bonds_angles_low_kl_90,Loss/Reconstruction_train,96,0.0157393217086792,1754317999.639422
train_bonds_angles_low_kl_90,Loss/Reconstruction_train,97,0.015756875276565552,1754318042.6134677
train_bonds_angles_low_kl_90,Loss/Reconstruction_train,98,0.015739142894744873,1754318085.1988823
train_bonds_angles_low_kl_90,Loss/Reconstruction_train,99,0.015811622142791748,1754318127.8240523
train_bonds_angles_low_kl_90,Loss/Reconstruction_train,100,0.015843220055103302,1754318182.155178
train_bonds_angles_low_kl_90,Loss/Reconstruction_train,101,0.015834562480449677,1754318225.315233
train_bonds_angles_low_kl_90,Loss/Reconstruction_train,102,0.01579577662050724,1754318274.334226
train_bonds_angles_low_kl_90,Loss/Reconstruction_train,103,0.015802673995494843,1754318489.0474794
train_bonds_angles_low_kl_90,Loss/Reconstruction_train,104,0.01567605510354042,1754318740.8731375
train_bonds_angles_low_kl_90,Loss/Reconstruction_train,105,0.015693143010139465,1754318794.7963583
train_bonds_angles_low_kl_90,Loss/Reconstruction_train,106,0.015674781054258347,1754318837.9925604
train_bonds_angles_low_kl_90,Loss/Reconstruction_val,90,0.016093192622065544,1754317728.0696807
train_bonds_angles_low_kl_90,Loss/Reconstruction_val,91,0.016146143898367882,1754317771.0914843
train_bonds_angles_low_kl_90,Loss/Reconstruction_val,92,0.016115019097924232,1754317814.6007528
train_bonds_angles_low_kl_90,Loss/Reconstruction_val,93,0.016308419406414032,1754317857.7945445
train_bonds_angles_low_kl_90,Loss/Reconstruction_val,94,0.016247883439064026,1754317901.2784233
train_bonds_angles_low_kl_90,Loss/Reconstruction_val,95,0.016246046870946884,1754317956.6920795
train_bonds_angles_low_kl_90,Loss/Reconstruction_val,96,0.016109803691506386,1754317999.6394265
train_bonds_angles_low_kl_90,Loss/Reconstruction_val,97,0.01616733707487583,1754318042.6134725
train_bonds_angles_low_kl_90,Loss/Reconstruction_val,98,0.016149485483765602,1754318085.1988866
train_bonds_angles_low_kl_90,Loss/Reconstruction_val,99,0.016203101724386215,1754318127.8240569
train_bonds_angles_low_kl_90,Loss/Reconstruction_val,100,0.016296066343784332,1754318182.1551826
train_bonds_angles_low_kl_90,Loss/Reconstruction_val,101,0.016174541786313057,1754318225.3152375
train_bonds_angles_low_kl_90,Loss/Reconstruction_val,102,0.016330217942595482,1754318274.3342311
train_bonds_angles_low_kl_90,Loss/Reconstruction_val,103,0.016094904392957687,1754318489.0474837
train_bonds_angles_low_kl_90,Loss/Reconstruction_val,104,0.0160908792167902,1754318740.8731415
train_bonds_angles_low_kl_90,Loss/Reconstruction_val,105,0.016103727743029594,1754318794.7963624
train_bonds_angles_low_kl_90,Loss/Reconstruction_val,106,0.016078852117061615,1754318837.9925647
train_bonds_angles_low_kl_90,Loss/Physics_train,90,29225.025390625,1754317728.0696852
train_bonds_angles_low_kl_90,Loss/Physics_train,91,29812.4375,1754317771.0914893
train_bonds_angles_low_kl_90,Loss/Physics_train,92,29996.119140625,1754317814.6007583
train_bonds_angles_low_kl_90,Loss/Physics_train,93,31044.146484375,1754317857.7945626
train_bonds_angles_low_kl_90,Loss/Physics_train,94,35723.703125,1754317901.2784286
train_bonds_angles_low_kl_90,Loss/Physics_train,95,31091.638671875,1754317956.6920843
train_bonds_angles_low_kl_90,Loss/Physics_train,96,28465.4609375,1754317999.6394312
train_bonds_angles_low_kl_90,Loss/Physics_train,97,28612.267578125,1754318042.6134768
train_bonds_angles_low_kl_90,Loss/Physics_train,98,27171.72265625,1754318085.1988912
train_bonds_angles_low_kl_90,Loss/Physics_train,99,27350.734375,1754318127.8240612
train_bonds_angles_low_kl_90,Loss/Physics_train,100,28219.521484375,1754318182.155187
train_bonds_angles_low_kl_90,Loss/Physics_train,101,28144.705078125,1754318225.3152425
train_bonds_angles_low_kl_90,Loss/Physics_train,102,26572.005859375,1754318274.3342364
train_bonds_angles_low_kl_90,Loss/Physics_train,103,33125.52734375,1754318489.0474882
train_bonds_angles_low_kl_90,Loss/Physics_train,104,27021.34765625,1754318740.8731465
train_bonds_angles_low_kl_90,Loss/Physics_train,105,26219.2421875,1754318794.796367
train_bonds_angles_low_kl_90,Loss/Physics_train,106,25694.7109375,1754318837.9925697
train_bonds_angles_low_kl_90,Loss/Physics_val,90,32217.66015625,1754317728.0696893
train_bonds_angles_low_kl_90,Loss/Physics_val,91,30087.59375,1754317771.0914936
train_bonds_angles_low_kl_90,Loss/Physics_val,92,32095.677734375,1754317814.6007628
train_bonds_angles_low_kl_90,Loss/Physics_val,93,37861.203125,1754317857.7945669
train_bonds_angles_low_kl_90,Loss/Physics_val,94,32897.4140625,1754317901.2784407
train_bonds_angles_low_kl_90,Loss/Physics_val,95,29094.166015625,1754317956.6920884
train_bonds_angles_low_kl_90,Loss/Physics_val,96,28120.79296875,1754317999.6394355
train_bonds_angles_low_kl_90,Loss/Physics_val,97,27118.873046875,1754318042.6134803
train_bonds_angles_low_kl_90,Loss/Physics_val,98,27104.111328125,1754318085.1988952
train_bonds_angles_low_kl_90,Loss/Physics_val,99,27571.9140625,1754318127.8240652
train_bonds_angles_low_kl_90,Loss/Physics_val,100,28848.326171875,1754318182.155191
train_bonds_angles_low_kl_90,Loss/Physics_val,101,26910.0859375,1754318225.3152468
train_bonds_angles_low_kl_90,Loss/Physics_val,102,30470.85546875,1754318274.3342416
train_bonds_angles_low_kl_90,Loss/Physics_val,103,27892.248046875,1754318489.0474942
train_bonds_angles_low_kl_90,Loss/Physics_val,104,27272.375,1754318740.8731508
train_bonds_angles_low_kl_90,Loss/Physics_val,105,25787.623046875,1754318794.796371
train_bonds_angles_low_kl_90,Loss/Physics_val,106,25567.349609375,1754318837.9925737
train_bonds_angles_low_kl_90,Lambda,90,1.0000000116860974e-07,1754317728.0696945
train_bonds_angles_low_kl_90,Lambda,91,1.0000000116860974e-07,1754317771.0914986
train_bonds_angles_low_kl_90,Lambda,92,1.0000000116860974e-07,1754317814.6007683
train_bonds_angles_low_kl_90,Lambda,93,1.0000000116860974e-07,1754317857.7945724
train_bonds_angles_low_kl_90,Lambda,94,1.0000000116860974e-07,1754317901.2784467
train_bonds_angles_low_kl_90,Lambda,95,1.0000000116860974e-07,1754317956.6920931
train_bonds_angles_low_kl_90,Lambda,96,1.0000000116860974e-07,1754317999.639441
train_bonds_angles_low_kl_90,Lambda,97,1.0000000116860974e-07,1754318042.613485
train_bonds_angles_low_kl_90,Lambda,98,1.0000000116860974e-07,1754318085.1989005
train_bonds_angles_low_kl_90,Lambda,99,1.0000000116860974e-07,1754318127.8240707
train_bonds_angles_low_kl_90,Lambda,100,1.0000000116860974e-07,1754318182.1551962
train_bonds_angles_low_kl_90,Lambda,101,1.0000000116860974e-07,1754318225.315254
train_bonds_angles_low_kl_90,Lambda,102,1.0000000116860974e-07,1754318274.3342474
train_bonds_angles_low_kl_90,Lambda,103,1.0000000116860974e-07,1754318489.0475056
train_bonds_angles_low_kl_90,Lambda,104,1.0000000116860974e-07,1754318740.8731573
train_bonds_angles_low_kl_90,Lambda,105,1.0000000116860974e-07,1754318794.796376
train_bonds_angles_low_kl_90,Lambda,106,1.0000000116860974e-07,1754318837.9925787
train_bonds_angles_low_kl_90,Beta,90,1.000000013351432e-10,1754317728.0697222
train_bonds_angles_low_kl_90,Beta,91,1.000000013351432e-10,1754317771.0915034
train_bonds_angles_low_kl_90,Beta,92,1.000000013351432e-10,1754317814.6007729
train_bonds_angles_low_kl_90,Beta,93,1.000000013351432e-10,1754317857.7945766
train_bonds_angles_low_kl_90,Beta,94,1.000000013351432e-10,1754317901.2784522
train_bonds_angles_low_kl_90,Beta,95,1.000000013351432e-10,1754317956.6920974
train_bonds_angles_low_kl_90,Beta,96,1.000000013351432e-10,1754317999.6394453
train_bonds_angles_low_kl_90,Beta,97,1.000000013351432e-10,1754318042.6134894
train_bonds_angles_low_kl_90,Beta,98,1.000000013351432e-10,1754318085.1989048
train_bonds_angles_low_kl_90,Beta,99,1.000000013351432e-10,1754318127.824075
train_bonds_angles_low_kl_90,Beta,100,1.000000013351432e-10,1754318182.1552007
train_bonds_angles_low_kl_90,Beta,101,1.000000013351432e-10,1754318225.3152606
train_bonds_angles_low_kl_90,Beta,102,1.000000013351432e-10,1754318274.3342528
train_bonds_angles_low_kl_90,Beta,103,1.000000013351432e-10,1754318489.047511
train_bonds_angles_low_kl_90,Beta,104,1.000000013351432e-10,1754318740.8731716
train_bonds_angles_low_kl_90,Beta,105,1.000000013351432e-10,1754318794.7963805
train_bonds_angles_low_kl_90,Beta,106,1.000000013351432e-10,1754318837.9925835
train_bonds_angles_low_kl_90,Learning Rate,90,4.999999873689376e-06,1754317728.0697265
train_bonds_angles_low_kl_90,Learning Rate,91,4.999999873689376e-06,1754317771.0915082
train_bonds_angles_low_kl_90,Learning Rate,92,4.999999873689376e-06,1754317814.6007924
train_bonds_angles_low_kl_90,Learning Rate,93,4.999999873689376e-06,1754317857.7945812
train_bonds_angles_low_kl_90,Learning Rate,94,4.999999873689376e-06,1754317901.2784579
train_bonds_angles_low_kl_90,Learning Rate,95,4.999999873689376e-06,1754317956.6921024
train_bonds_angles_low_kl_90,Learning Rate,96,4.999999873689376e-06,1754317999.6394498
train_bonds_angles_low_kl_90,Learning Rate,97,4.999999873689376e-06,1754318042.613494
train_bonds_angles_low_kl_90,Learning Rate,98,4.999999873689376e-06,1754318085.1989098
train_bonds_angles_low_kl_90,Learning Rate,99,4.999999873689376e-06,1754318127.8240793
train_bonds_angles_low_kl_90,Learning Rate,100,4.999999873689376e-06,1754318182.1552086
train_bonds_angles_low_kl_90,Learning Rate,101,4.999999873689376e-06,1754318225.3152676
train_bonds_angles_low_kl_90,Learning Rate,102,4.999999873689376e-06,1754318274.3342583
train_bonds_angles_low_kl_90,Learning Rate,103,4.999999873689376e-06,1754318489.0475163
train_bonds_angles_low_kl_90,Learning Rate,104,4.999999873689376e-06,1754318740.873176
train_bonds_angles_low_kl_90,Learning Rate,105,4.999999873689376e-06,1754318794.796385
train_bonds_angles_low_kl_90,Learning Rate,106,4.999999873689376e-06,1754318837.9925885
train_0,Loss/train,0,0.01817803829908371,1754309688.9085517
train_0,Loss/train,1,0.01706770993769169,1754309717.7730827
train_0,Loss/train,2,0.01705603487789631,1754309746.8917325
train_0,Loss/train,3,0.01628686487674713,1754309775.9864187
train_0,Loss/train,4,0.016788121312856674,1754309805.114143
train_0,Loss/train,5,0.01626279391348362,1754309844.7913067
train_0,Loss/train,6,0.01590392366051674,1754309873.701192
train_0,Loss/train,7,0.015782160684466362,1754309902.7354174
train_0,Loss/train,8,0.01581781916320324,1754309931.7210307
train_0,Loss/train,9,0.015805432572960854,1754309960.7649596
train_0,Loss/train,10,0.015754206106066704,1754310000.5358362
train_0,Loss/train,11,0.01562505029141903,1754310029.7458336
train_0,Loss/train,12,0.016102205961942673,1754310058.9284031
train_0,Loss/train,13,0.01581081748008728,1754310088.1358857
train_0,Loss/train,14,0.015721991658210754,1754310117.3595543
train_0,Loss/train,15,0.015611597336828709,1754310157.2015483
train_0,Loss/train,16,0.015502415597438812,1754310186.4146225
train_0,Loss/train,17,0.015559086576104164,1754310215.6560857
train_0,Loss/train,18,0.015654191374778748,1754310244.9163065
train_0,Loss/train,19,0.015514613129198551,1754310274.075792
train_0,Loss/train,20,0.0170206930488348,1754310313.9808807
train_0,Loss/train,21,0.01619759574532509,1754310343.1604977
train_0,Loss/train,22,0.015591676346957684,1754310372.3736022
train_0,Loss/train,23,0.01558618526905775,1754310401.5756967
train_0,Loss/train,24,0.015558880753815174,1754310430.9056478
train_0,Loss/train,25,0.015662863850593567,1754310471.0439363
train_0,Loss/train,26,0.015543362125754356,1754310500.2126498
train_0,Loss/train,27,0.015617547556757927,1754310529.420542
train_0,Loss/train,28,0.015607306733727455,1754310558.6754997
train_0,Loss/train,29,0.015838833525776863,1754310587.9885046
train_0,Loss/val,0,0.017559420317411423,1754309688.9085836
train_0,Loss/val,1,0.017497139051556587,1754309717.7731044
train_0,Loss/val,2,0.016793040558695793,1754309746.8917537
train_0,Loss/val,3,0.0170365571975708,1754309775.9864464
train_0,Loss/val,4,0.01702909916639328,1754309805.1141646
train_0,Loss/val,5,0.01648276299238205,1754309844.7913294
train_0,Loss/val,6,0.01618511602282524,1754309873.701215
train_0,Loss/val,7,0.016168219968676567,1754309902.7354414
train_0,Loss/val,8,0.01625998690724373,1754309931.7210534
train_0,Loss/val,9,0.016071680933237076,1754309960.7649817
train_0,Loss/val,10,0.016120852902531624,1754310000.5358582
train_0,Loss/val,11,0.015972141176462173,1754310029.7458568
train_0,Loss/val,12,0.016330575570464134,1754310058.9284241
train_0,Loss/val,13,0.016148120164871216,1754310088.135923
train_0,Loss/val,14,0.016202552244067192,1754310117.359578
train_0,Loss/val,15,0.015901191160082817,1754310157.2015955
train_0,Loss/val,16,0.015925168991088867,1754310186.4146473
train_0,Loss/val,17,0.01605338789522648,1754310215.6561072
train_0,Loss/val,18,0.01616373471915722,1754310244.9163294
train_0,Loss/val,19,0.015960456803441048,1754310274.0758142
train_0,Loss/val,20,0.017598122358322144,1754310313.9809027
train_0,Loss/val,21,0.016086958348751068,1754310343.1605208
train_0,Loss/val,22,0.01600428856909275,1754310372.37363
train_0,Loss/val,23,0.01608199067413807,1754310401.5757186
train_0,Loss/val,24,0.016069592908024788,1754310430.90567
train_0,Loss/val,25,0.01604093611240387,1754310471.0439596
train_0,Loss/val,26,0.01593034341931343,1754310500.212675
train_0,Loss/val,27,0.01595987007021904,1754310529.4205644
train_0,Loss/val,28,0.016152089461684227,1754310558.6755235
train_0,Loss/val,29,0.016034873202443123,1754310587.988528
train_0,Loss/KL_train,0,25.052249908447266,1754309688.9086041
train_0,Loss/KL_train,1,4.926424503326416,1754309717.7731116
train_0,Loss/KL_train,2,9.332728385925293,1754309746.8917832
train_0,Loss/KL_train,3,0.9708523154258728,1754309775.9864545
train_0,Loss/KL_train,4,7.097167015075684,1754309805.1141717
train_0,Loss/KL_train,5,2.258931875228882,1754309844.7913363
train_0,Loss/KL_train,6,0.21625447273254395,1754309873.7012227
train_0,Loss/KL_train,7,0.040271274745464325,1754309902.7354493
train_0,Loss/KL_train,8,0.14450876414775848,1754309931.72106
train_0,Loss/KL_train,9,0.14763447642326355,1754309960.7649891
train_0,Loss/KL_train,10,0.2607065737247467,1754310000.5358653
train_0,Loss/KL_train,11,0.008707927539944649,1754310029.7458644
train_0,Loss/KL_train,12,0.037535324692726135,1754310058.928431
train_0,Loss/KL_train,13,0.009886769577860832,1754310088.1359305
train_0,Loss/KL_train,14,0.004423587117344141,1754310117.359585
train_0,Loss/KL_train,15,0.002285325201228261,1754310157.2016027
train_0,Loss/KL_train,16,0.0007706463220529258,1754310186.414655
train_0,Loss/KL_train,17,0.001913005136884749,1754310215.6561139
train_0,Loss/KL_train,18,0.0037171323783695698,1754310244.9163375
train_0,Loss/KL_train,19,0.0009435672545805573,1754310274.0758216
train_0,Loss/KL_train,20,0.10819603502750397,1754310313.9809103
train_0,Loss/KL_train,21,0.010902983136475086,1754310343.1605284
train_0,Loss/KL_train,22,0.00014935813669580966,1754310372.3736386
train_0,Loss/KL_train,23,0.0003005166072398424,1754310401.5757256
train_0,Loss/KL_train,24,0.00019742792937904596,1754310430.905677
train_0,Loss/KL_train,25,0.0007431325502693653,1754310471.0439665
train_0,Loss/KL_train,26,0.0002882523986045271,1754310500.2126825
train_0,Loss/KL_train,27,0.0012561323819682002,1754310529.4205728
train_0,Loss/KL_train,28,0.00038860738277435303,1754310558.6755311
train_0,Loss/KL_train,29,0.0038869217969477177,1754310587.9885354
train_0,Loss/KL_val,0,8.495078086853027,1754309688.90861
train_0,Loss/KL_val,1,3.8537683486938477,1754309717.773131
train_0,Loss/KL_val,2,3.523996353149414,1754309746.8917878
train_0,Loss/KL_val,3,0.5421383380889893,1754309775.98646
train_0,Loss/KL_val,4,3.569148540496826,1754309805.1141765
train_0,Loss/KL_val,5,0.5584609508514404,1754309844.7913413
train_0,Loss/KL_val,6,0.059184011071920395,1754309873.7012277
train_0,Loss/KL_val,7,0.0345163568854332,1754309902.7354562
train_0,Loss/KL_val,8,0.10872168093919754,1754309931.7210655
train_0,Loss/KL_val,9,0.03542748838663101,1754309960.7649944
train_0,Loss/KL_val,10,0.07278210669755936,1754310000.5358698
train_0,Loss/KL_val,11,0.006342428736388683,1754310029.74587
train_0,Loss/KL_val,12,0.01214336883276701,1754310058.9284363
train_0,Loss/KL_val,13,0.0036812210455536842,1754310088.1359365
train_0,Loss/KL_val,14,0.010998353362083435,1754310117.3595917
train_0,Loss/KL_val,15,0.0003992747515439987,1754310157.2016077
train_0,Loss/KL_val,16,0.0006017526611685753,1754310186.4146605
train_0,Loss/KL_val,17,0.014138692058622837,1754310215.656119
train_0,Loss/KL_val,18,0.002978365868330002,1754310244.916342
train_0,Loss/KL_val,19,0.008321993984282017,1754310274.0758266
train_0,Loss/KL_val,20,0.14271852374076843,1754310313.9809158
train_0,Loss/KL_val,21,0.00013729091733694077,1754310343.1605334
train_0,Loss/KL_val,22,0.00013969838619232178,1754310372.3736436
train_0,Loss/KL_val,23,0.00019881129264831543,1754310401.5757322
train_0,Loss/KL_val,24,0.00292216707020998,1754310430.9056823
train_0,Loss/KL_val,25,0.001001664437353611,1754310471.0439713
train_0,Loss/KL_val,26,0.00015331804752349854,1754310500.2126892
train_0,Loss/KL_val,27,0.00021854881197214127,1754310529.4205794
train_0,Loss/KL_val,28,0.0012371586635708809,1754310558.6755364
train_0,Loss/KL_val,29,0.0027914494276046753,1754310587.9885404
train_0,Loss/Reconstruction_train,0,0.017927516251802444,1754309688.9086158
train_0,Loss/Reconstruction_train,1,0.01701844483613968,1754309717.7731369
train_0,Loss/Reconstruction_train,2,0.016962707042694092,1754309746.8917923
train_0,Loss/Reconstruction_train,3,0.01627715677022934,1754309775.9864647
train_0,Loss/Reconstruction_train,4,0.016717148944735527,1754309805.114181
train_0,Loss/Reconstruction_train,5,0.016240203753113747,1754309844.7913458
train_0,Loss/Reconstruction_train,6,0.015901761129498482,1754309873.7012324
train_0,Loss/Reconstruction_train,7,0.015781758353114128,1754309902.7354684
train_0,Loss/Reconstruction_train,8,0.015816373750567436,1754309931.72107
train_0,Loss/Reconstruction_train,9,0.015803955495357513,1754309960.764999
train_0,Loss/Reconstruction_train,10,0.01575159840285778,1754310000.5358744
train_0,Loss/Reconstruction_train,11,0.0156240938231349,1754310029.7458746
train_0,Loss/Reconstruction_train,12,0.016094330698251724,1754310058.928441
train_0,Loss/Reconstruction_train,13,0.015807755291461945,1754310088.135942
train_0,Loss/Reconstruction_train,14,0.015720179304480553,1754310117.359606
train_0,Loss/Reconstruction_train,15,0.015610432252287865,1754310157.2016125
train_0,Loss/Reconstruction_train,16,0.015501945279538631,1754310186.4146655
train_0,Loss/Reconstruction_train,17,0.01555772963911295,1754310215.6561239
train_0,Loss/Reconstruction_train,18,0.01565118320286274,1754310244.9163463
train_0,Loss/Reconstruction_train,19,0.01551375538110733,1754310274.0758438
train_0,Loss/Reconstruction_train,20,0.016911523416638374,1754310313.9809206
train_0,Loss/Reconstruction_train,21,0.01618550531566143,1754310343.1605384
train_0,Loss/Reconstruction_train,22,0.015591495670378208,1754310372.3736486
train_0,Loss/Reconstruction_train,23,0.015585792250931263,1754310401.5757449
train_0,Loss/Reconstruction_train,24,0.015558603219687939,1754310430.905687
train_0,Loss/Reconstruction_train,25,0.01566174253821373,1754310471.0439758
train_0,Loss/Reconstruction_train,26,0.015542898327112198,1754310500.212703
train_0,Loss/Reconstruction_train,27,0.015615401789546013,1754310529.42059
train_0,Loss/Reconstruction_train,28,0.015606604516506195,1754310558.6755419
train_0,Loss/Reconstruction_train,29,0.015831416472792625,1754310587.9885454
train_0,Loss/Reconstruction_val,0,0.017474468797445297,1754309688.9086206
train_0,Loss/Reconstruction_val,1,0.017458600923419,1754309717.7731411
train_0,Loss/Reconstruction_val,2,0.016757799312472343,1754309746.891796
train_0,Loss/Reconstruction_val,3,0.01703113690018654,1754309775.9864688
train_0,Loss/Reconstruction_val,4,0.016993407160043716,1754309805.1141858
train_0,Loss/Reconstruction_val,5,0.016477178782224655,1754309844.7913506
train_0,Loss/Reconstruction_val,6,0.016184525564312935,1754309873.7012367
train_0,Loss/Reconstruction_val,7,0.01616787537932396,1754309902.7354727
train_0,Loss/Reconstruction_val,8,0.016258900985121727,1754309931.721074
train_0,Loss/Reconstruction_val,9,0.016071327030658722,1754309960.7650034
train_0,Loss/Reconstruction_val,10,0.016120124608278275,1754310000.5358784
train_0,Loss/Reconstruction_val,11,0.01597144454717636,1754310029.7458794
train_0,Loss/Reconstruction_val,12,0.016328027471899986,1754310058.928445
train_0,Loss/Reconstruction_val,13,0.016146978363394737,1754310088.1359468
train_0,Loss/Reconstruction_val,14,0.01619804836809635,1754310117.3596103
train_0,Loss/Reconstruction_val,15,0.01590098813176155,1754310157.2016165
train_0,Loss/Reconstruction_val,16,0.01592480204999447,1754310186.4146698
train_0,Loss/Reconstruction_val,17,0.01604335941374302,1754310215.6561282
train_0,Loss/Reconstruction_val,18,0.016161324456334114,1754310244.916351
train_0,Loss/Reconstruction_val,19,0.01595289073884487,1754310274.075848
train_0,Loss/Reconstruction_val,20,0.01745411939918995,1754310313.9809248
train_0,Loss/Reconstruction_val,21,0.01608680747449398,1754310343.1605425
train_0,Loss/Reconstruction_val,22,0.01600411906838417,1754310372.373653
train_0,Loss/Reconstruction_val,23,0.016081729903817177,1754310401.5757494
train_0,Loss/Reconstruction_val,24,0.016065476462244987,1754310430.9056916
train_0,Loss/Reconstruction_val,25,0.016039425507187843,1754310471.0439801
train_0,Loss/Reconstruction_val,26,0.015930095687508583,1754310500.2127078
train_0,Loss/Reconstruction_val,27,0.015959497541189194,1754310529.4205942
train_0,Loss/Reconstruction_val,28,0.01614985242486,1754310558.6755464
train_0,Loss/Reconstruction_val,29,0.016029546037316322,1754310587.98855
train_0,Beta,0,9.999999747378752e-06,1754309688.908626
train_0,Beta,1,9.999999747378752e-06,1754309717.7731462
train_0,Beta,2,9.999999747378752e-06,1754309746.891801
train_0,Beta,3,9.999999747378752e-06,1754309775.986474
train_0,Beta,4,9.999999747378752e-06,1754309805.1141906
train_0,Beta,5,9.999999747378752e-06,1754309844.7913556
train_0,Beta,6,9.999999747378752e-06,1754309873.701242
train_0,Beta,7,9.999999747378752e-06,1754309902.7354774
train_0,Beta,8,9.999999747378752e-06,1754309931.721079
train_0,Beta,9,9.999999747378752e-06,1754309960.7650084
train_0,Beta,10,9.999999747378752e-06,1754310000.535883
train_0,Beta,11,0.00010990000009769574,1754310029.7458844
train_0,Beta,12,0.00020979999681003392,1754310058.92845
train_0,Beta,13,0.0003097000007983297,1754310088.1359525
train_0,Beta,14,0.0004096000047866255,1754310117.3596153
train_0,Beta,15,0.0005094999796710908,1754310157.2016215
train_0,Beta,16,0.0006093999836593866,1754310186.4146755
train_0,Beta,17,0.0007092999876476824,1754310215.6561332
train_0,Beta,18,0.0008091999916359782,1754310244.9163556
train_0,Beta,19,0.000909099995624274,1754310274.075853
train_0,Beta,20,0.0010089999996125698,1754310313.98093
train_0,Beta,21,0.0011088999453932047,1754310343.1605473
train_0,Beta,22,0.0012088000075891614,1754310372.373672
train_0,Beta,23,0.0013086999533697963,1754310401.5757546
train_0,Beta,24,0.001408600015565753,1754310430.9056966
train_0,Beta,25,0.0015084999613463879,1754310471.0439851
train_0,Beta,26,0.0016084000235423446,1754310500.2127135
train_0,Beta,27,0.0017082999693229795,1754310529.420599
train_0,Beta,28,0.0018082000315189362,1754310558.6755643
train_0,Beta,29,0.001908099977299571,1754310587.988555
train_0,Learning Rate,0,9.999999747378752e-05,1754309688.9086308
train_0,Learning Rate,1,9.999999747378752e-05,1754309717.7731514
train_0,Learning Rate,2,9.999999747378752e-05,1754309746.8918052
train_0,Learning Rate,3,9.999999747378752e-05,1754309775.9864786
train_0,Learning Rate,4,9.999999747378752e-05,1754309805.1141949
train_0,Learning Rate,5,9.999999747378752e-05,1754309844.7913601
train_0,Learning Rate,6,9.999999747378752e-05,1754309873.701247
train_0,Learning Rate,7,9.999999747378752e-05,1754309902.7354825
train_0,Learning Rate,8,9.999999747378752e-05,1754309931.7210839
train_0,Learning Rate,9,9.999999747378752e-05,1754309960.7650127
train_0,Learning Rate,10,9.999999747378752e-05,1754310000.5358872
train_0,Learning Rate,11,9.999999747378752e-05,1754310029.74589
train_0,Learning Rate,12,9.999999747378752e-05,1754310058.9284549
train_0,Learning Rate,13,9.999999747378752e-05,1754310088.1359577
train_0,Learning Rate,14,9.999999747378752e-05,1754310117.35962
train_0,Learning Rate,15,9.999999747378752e-05,1754310157.201626
train_0,Learning Rate,16,9.999999747378752e-05,1754310186.41468
train_0,Learning Rate,17,9.999999747378752e-05,1754310215.6561375
train_0,Learning Rate,18,9.999999747378752e-05,1754310244.9163606
train_0,Learning Rate,19,9.999999747378752e-05,1754310274.0758576
train_0,Learning Rate,20,9.999999747378752e-05,1754310313.9809346
train_0,Learning Rate,21,9.999999747378752e-05,1754310343.1605525
train_0,Learning Rate,22,9.999999747378752e-05,1754310372.3736773
train_0,Learning Rate,23,9.999999747378752e-05,1754310401.57576
train_0,Learning Rate,24,9.999999747378752e-05,1754310430.9057012
train_0,Learning Rate,25,9.999999747378752e-05,1754310471.0439897
train_0,Learning Rate,26,9.999999747378752e-05,1754310500.2127182
train_0,Learning Rate,27,9.999999747378752e-05,1754310529.4206038
train_0,Learning Rate,28,9.999999747378752e-05,1754310558.6755698
train_0,Learning Rate,29,9.999999747378752e-05,1754310587.9885602
